ssl,setting,method,true,pred,rate
wavlm,6way,uniform,real,real,0.3672922252010724
wavlm,6way,uniform,real,f5tts,0.02680965147453083
wavlm,6way,uniform,real,xtts,0.05361930294906166
wavlm,6way,uniform,real,cosyvoice3,0.225201072386059
wavlm,6way,uniform,real,chatterbox,0.19839142091152814
wavlm,6way,uniform,real,indextts,0.128686327077748
wavlm,6way,uniform,f5tts,real,0.002680965147453083
wavlm,6way,uniform,f5tts,f5tts,0.9571045576407506
wavlm,6way,uniform,f5tts,xtts,0.029490616621983913
wavlm,6way,uniform,f5tts,cosyvoice3,0.002680965147453083
wavlm,6way,uniform,f5tts,chatterbox,0.00804289544235925
wavlm,6way,uniform,f5tts,indextts,0.0
wavlm,6way,uniform,xtts,real,0.002680965147453083
wavlm,6way,uniform,xtts,f5tts,0.0
wavlm,6way,uniform,xtts,xtts,0.9115281501340483
wavlm,6way,uniform,xtts,cosyvoice3,0.03485254691689008
wavlm,6way,uniform,xtts,chatterbox,0.045576407506702415
wavlm,6way,uniform,xtts,indextts,0.005361930294906166
wavlm,6way,uniform,cosyvoice3,real,0.024128686327077747
wavlm,6way,uniform,cosyvoice3,f5tts,0.002680965147453083
wavlm,6way,uniform,cosyvoice3,xtts,0.013404825737265416
wavlm,6way,uniform,cosyvoice3,cosyvoice3,0.6353887399463807
wavlm,6way,uniform,cosyvoice3,chatterbox,0.28418230563002683
wavlm,6way,uniform,cosyvoice3,indextts,0.040214477211796246
wavlm,6way,uniform,chatterbox,real,0.01876675603217158
wavlm,6way,uniform,chatterbox,f5tts,0.002680965147453083
wavlm,6way,uniform,chatterbox,xtts,0.021447721179624665
wavlm,6way,uniform,chatterbox,cosyvoice3,0.12064343163538874
wavlm,6way,uniform,chatterbox,chatterbox,0.7855227882037533
wavlm,6way,uniform,chatterbox,indextts,0.05093833780160858
wavlm,6way,uniform,indextts,real,0.013404825737265416
wavlm,6way,uniform,indextts,f5tts,0.0
wavlm,6way,uniform,indextts,xtts,0.0160857908847185
wavlm,6way,uniform,indextts,cosyvoice3,0.11796246648793565
wavlm,6way,uniform,indextts,chatterbox,0.1876675603217158
wavlm,6way,uniform,indextts,indextts,0.6648793565683646
wavlm,6way,tiebreak_distance,real,real,0.44235924932975873
wavlm,6way,tiebreak_distance,real,f5tts,0.029490616621983913
wavlm,6way,tiebreak_distance,real,xtts,0.06166219839142091
wavlm,6way,tiebreak_distance,real,cosyvoice3,0.20107238605898123
wavlm,6way,tiebreak_distance,real,chatterbox,0.15281501340482573
wavlm,6way,tiebreak_distance,real,indextts,0.1126005361930295
wavlm,6way,tiebreak_distance,f5tts,real,0.002680965147453083
wavlm,6way,tiebreak_distance,f5tts,f5tts,0.9597855227882037
wavlm,6way,tiebreak_distance,f5tts,xtts,0.032171581769437
wavlm,6way,tiebreak_distance,f5tts,cosyvoice3,0.0
wavlm,6way,tiebreak_distance,f5tts,chatterbox,0.002680965147453083
wavlm,6way,tiebreak_distance,f5tts,indextts,0.002680965147453083
wavlm,6way,tiebreak_distance,xtts,real,0.002680965147453083
wavlm,6way,tiebreak_distance,xtts,f5tts,0.0
wavlm,6way,tiebreak_distance,xtts,xtts,0.9276139410187667
wavlm,6way,tiebreak_distance,xtts,cosyvoice3,0.032171581769437
wavlm,6way,tiebreak_distance,xtts,chatterbox,0.03485254691689008
wavlm,6way,tiebreak_distance,xtts,indextts,0.002680965147453083
wavlm,6way,tiebreak_distance,cosyvoice3,real,0.03485254691689008
wavlm,6way,tiebreak_distance,cosyvoice3,f5tts,0.00804289544235925
wavlm,6way,tiebreak_distance,cosyvoice3,xtts,0.0160857908847185
wavlm,6way,tiebreak_distance,cosyvoice3,cosyvoice3,0.6541554959785523
wavlm,6way,tiebreak_distance,cosyvoice3,chatterbox,0.2225201072386059
wavlm,6way,tiebreak_distance,cosyvoice3,indextts,0.064343163538874
wavlm,6way,tiebreak_distance,chatterbox,real,0.021447721179624665
wavlm,6way,tiebreak_distance,chatterbox,f5tts,0.00804289544235925
wavlm,6way,tiebreak_distance,chatterbox,xtts,0.02680965147453083
wavlm,6way,tiebreak_distance,chatterbox,cosyvoice3,0.1447721179624665
wavlm,6way,tiebreak_distance,chatterbox,chatterbox,0.739946380697051
wavlm,6way,tiebreak_distance,chatterbox,indextts,0.058981233243967826
wavlm,6way,tiebreak_distance,indextts,real,0.029490616621983913
wavlm,6way,tiebreak_distance,indextts,f5tts,0.0
wavlm,6way,tiebreak_distance,indextts,xtts,0.024128686327077747
wavlm,6way,tiebreak_distance,indextts,cosyvoice3,0.10187667560321716
wavlm,6way,tiebreak_distance,indextts,chatterbox,0.1260053619302949
wavlm,6way,tiebreak_distance,indextts,indextts,0.7184986595174263
wavlm,6way,inverse_distance,real,real,0.43967828418230565
wavlm,6way,inverse_distance,real,f5tts,0.029490616621983913
wavlm,6way,inverse_distance,real,xtts,0.06166219839142091
wavlm,6way,inverse_distance,real,cosyvoice3,0.2037533512064343
wavlm,6way,inverse_distance,real,chatterbox,0.15281501340482573
wavlm,6way,inverse_distance,real,indextts,0.1126005361930295
wavlm,6way,inverse_distance,f5tts,real,0.002680965147453083
wavlm,6way,inverse_distance,f5tts,f5tts,0.9597855227882037
wavlm,6way,inverse_distance,f5tts,xtts,0.032171581769437
wavlm,6way,inverse_distance,f5tts,cosyvoice3,0.0
wavlm,6way,inverse_distance,f5tts,chatterbox,0.002680965147453083
wavlm,6way,inverse_distance,f5tts,indextts,0.002680965147453083
wavlm,6way,inverse_distance,xtts,real,0.002680965147453083
wavlm,6way,inverse_distance,xtts,f5tts,0.0
wavlm,6way,inverse_distance,xtts,xtts,0.9276139410187667
wavlm,6way,inverse_distance,xtts,cosyvoice3,0.032171581769437
wavlm,6way,inverse_distance,xtts,chatterbox,0.03485254691689008
wavlm,6way,inverse_distance,xtts,indextts,0.002680965147453083
wavlm,6way,inverse_distance,cosyvoice3,real,0.03485254691689008
wavlm,6way,inverse_distance,cosyvoice3,f5tts,0.00804289544235925
wavlm,6way,inverse_distance,cosyvoice3,xtts,0.0160857908847185
wavlm,6way,inverse_distance,cosyvoice3,cosyvoice3,0.6541554959785523
wavlm,6way,inverse_distance,cosyvoice3,chatterbox,0.2225201072386059
wavlm,6way,inverse_distance,cosyvoice3,indextts,0.064343163538874
wavlm,6way,inverse_distance,chatterbox,real,0.021447721179624665
wavlm,6way,inverse_distance,chatterbox,f5tts,0.00804289544235925
wavlm,6way,inverse_distance,chatterbox,xtts,0.02680965147453083
wavlm,6way,inverse_distance,chatterbox,cosyvoice3,0.1447721179624665
wavlm,6way,inverse_distance,chatterbox,chatterbox,0.739946380697051
wavlm,6way,inverse_distance,chatterbox,indextts,0.058981233243967826
wavlm,6way,inverse_distance,indextts,real,0.032171581769437
wavlm,6way,inverse_distance,indextts,f5tts,0.0
wavlm,6way,inverse_distance,indextts,xtts,0.024128686327077747
wavlm,6way,inverse_distance,indextts,cosyvoice3,0.10187667560321716
wavlm,6way,inverse_distance,indextts,chatterbox,0.1260053619302949
wavlm,6way,inverse_distance,indextts,indextts,0.7158176943699732
wavlm,ttsonly,uniform,f5tts,f5tts,0.9490616621983914
wavlm,ttsonly,uniform,f5tts,xtts,0.029490616621983913
wavlm,ttsonly,uniform,f5tts,cosyvoice3,0.0
wavlm,ttsonly,uniform,f5tts,chatterbox,0.01876675603217158
wavlm,ttsonly,uniform,f5tts,indextts,0.002680965147453083
wavlm,ttsonly,uniform,xtts,f5tts,0.0
wavlm,ttsonly,uniform,xtts,xtts,0.9249329758713136
wavlm,ttsonly,uniform,xtts,cosyvoice3,0.024128686327077747
wavlm,ttsonly,uniform,xtts,chatterbox,0.032171581769437
wavlm,ttsonly,uniform,xtts,indextts,0.01876675603217158
wavlm,ttsonly,uniform,cosyvoice3,f5tts,0.002680965147453083
wavlm,ttsonly,uniform,cosyvoice3,xtts,0.013404825737265416
wavlm,ttsonly,uniform,cosyvoice3,cosyvoice3,0.6085790884718498
wavlm,ttsonly,uniform,cosyvoice3,chatterbox,0.32707774798927614
wavlm,ttsonly,uniform,cosyvoice3,indextts,0.04825737265415549
wavlm,ttsonly,uniform,chatterbox,f5tts,0.005361930294906166
wavlm,ttsonly,uniform,chatterbox,xtts,0.024128686327077747
wavlm,ttsonly,uniform,chatterbox,cosyvoice3,0.10455764075067024
wavlm,ttsonly,uniform,chatterbox,chatterbox,0.806970509383378
wavlm,ttsonly,uniform,chatterbox,indextts,0.058981233243967826
wavlm,ttsonly,uniform,indextts,f5tts,0.0
wavlm,ttsonly,uniform,indextts,xtts,0.013404825737265416
wavlm,ttsonly,uniform,indextts,cosyvoice3,0.09919571045576407
wavlm,ttsonly,uniform,indextts,chatterbox,0.1742627345844504
wavlm,ttsonly,uniform,indextts,indextts,0.7131367292225201
wavlm,ttsonly,tiebreak_distance,f5tts,f5tts,0.9490616621983914
wavlm,ttsonly,tiebreak_distance,f5tts,xtts,0.032171581769437
wavlm,ttsonly,tiebreak_distance,f5tts,cosyvoice3,0.0
wavlm,ttsonly,tiebreak_distance,f5tts,chatterbox,0.013404825737265416
wavlm,ttsonly,tiebreak_distance,f5tts,indextts,0.005361930294906166
wavlm,ttsonly,tiebreak_distance,xtts,f5tts,0.0
wavlm,ttsonly,tiebreak_distance,xtts,xtts,0.935656836461126
wavlm,ttsonly,tiebreak_distance,xtts,cosyvoice3,0.024128686327077747
wavlm,ttsonly,tiebreak_distance,xtts,chatterbox,0.02680965147453083
wavlm,ttsonly,tiebreak_distance,xtts,indextts,0.013404825737265416
wavlm,ttsonly,tiebreak_distance,cosyvoice3,f5tts,0.00804289544235925
wavlm,ttsonly,tiebreak_distance,cosyvoice3,xtts,0.01876675603217158
wavlm,ttsonly,tiebreak_distance,cosyvoice3,cosyvoice3,0.6300268096514745
wavlm,ttsonly,tiebreak_distance,cosyvoice3,chatterbox,0.26273458445040215
wavlm,ttsonly,tiebreak_distance,cosyvoice3,indextts,0.08042895442359249
wavlm,ttsonly,tiebreak_distance,chatterbox,f5tts,0.010723860589812333
wavlm,ttsonly,tiebreak_distance,chatterbox,xtts,0.029490616621983913
wavlm,ttsonly,tiebreak_distance,chatterbox,cosyvoice3,0.11528150134048257
wavlm,ttsonly,tiebreak_distance,chatterbox,chatterbox,0.7721179624664879
wavlm,ttsonly,tiebreak_distance,chatterbox,indextts,0.07238605898123325
wavlm,ttsonly,tiebreak_distance,indextts,f5tts,0.002680965147453083
wavlm,ttsonly,tiebreak_distance,indextts,xtts,0.024128686327077747
wavlm,ttsonly,tiebreak_distance,indextts,cosyvoice3,0.08579088471849866
wavlm,ttsonly,tiebreak_distance,indextts,chatterbox,0.09919571045576407
wavlm,ttsonly,tiebreak_distance,indextts,indextts,0.7882037533512064
wavlm,ttsonly,inverse_distance,f5tts,f5tts,0.9490616621983914
wavlm,ttsonly,inverse_distance,f5tts,xtts,0.032171581769437
wavlm,ttsonly,inverse_distance,f5tts,cosyvoice3,0.0
wavlm,ttsonly,inverse_distance,f5tts,chatterbox,0.013404825737265416
wavlm,ttsonly,inverse_distance,f5tts,indextts,0.005361930294906166
wavlm,ttsonly,inverse_distance,xtts,f5tts,0.0
wavlm,ttsonly,inverse_distance,xtts,xtts,0.935656836461126
wavlm,ttsonly,inverse_distance,xtts,cosyvoice3,0.024128686327077747
wavlm,ttsonly,inverse_distance,xtts,chatterbox,0.02680965147453083
wavlm,ttsonly,inverse_distance,xtts,indextts,0.013404825737265416
wavlm,ttsonly,inverse_distance,cosyvoice3,f5tts,0.00804289544235925
wavlm,ttsonly,inverse_distance,cosyvoice3,xtts,0.01876675603217158
wavlm,ttsonly,inverse_distance,cosyvoice3,cosyvoice3,0.6353887399463807
wavlm,ttsonly,inverse_distance,cosyvoice3,chatterbox,0.257372654155496
wavlm,ttsonly,inverse_distance,cosyvoice3,indextts,0.08042895442359249
wavlm,ttsonly,inverse_distance,chatterbox,f5tts,0.010723860589812333
wavlm,ttsonly,inverse_distance,chatterbox,xtts,0.029490616621983913
wavlm,ttsonly,inverse_distance,chatterbox,cosyvoice3,0.11528150134048257
wavlm,ttsonly,inverse_distance,chatterbox,chatterbox,0.7721179624664879
wavlm,ttsonly,inverse_distance,chatterbox,indextts,0.07238605898123325
wavlm,ttsonly,inverse_distance,indextts,f5tts,0.002680965147453083
wavlm,ttsonly,inverse_distance,indextts,xtts,0.024128686327077747
wavlm,ttsonly,inverse_distance,indextts,cosyvoice3,0.08579088471849866
wavlm,ttsonly,inverse_distance,indextts,chatterbox,0.09919571045576407
wavlm,ttsonly,inverse_distance,indextts,indextts,0.7882037533512064
hubert,6way,uniform,real,real,0.4316353887399464
hubert,6way,uniform,real,f5tts,0.01876675603217158
hubert,6way,uniform,real,xtts,0.05093833780160858
hubert,6way,uniform,real,cosyvoice3,0.16890080428954424
hubert,6way,uniform,real,chatterbox,0.27882037533512066
hubert,6way,uniform,real,indextts,0.05093833780160858
hubert,6way,uniform,f5tts,real,0.010723860589812333
hubert,6way,uniform,f5tts,f5tts,0.9329758713136729
hubert,6way,uniform,f5tts,xtts,0.032171581769437
hubert,6way,uniform,f5tts,cosyvoice3,0.005361930294906166
hubert,6way,uniform,f5tts,chatterbox,0.01876675603217158
hubert,6way,uniform,f5tts,indextts,0.0
hubert,6way,uniform,xtts,real,0.0160857908847185
hubert,6way,uniform,xtts,f5tts,0.002680965147453083
hubert,6way,uniform,xtts,xtts,0.8954423592493298
hubert,6way,uniform,xtts,cosyvoice3,0.021447721179624665
hubert,6way,uniform,xtts,chatterbox,0.05093833780160858
hubert,6way,uniform,xtts,indextts,0.013404825737265416
hubert,6way,uniform,cosyvoice3,real,0.00804289544235925
hubert,6way,uniform,cosyvoice3,f5tts,0.005361930294906166
hubert,6way,uniform,cosyvoice3,xtts,0.010723860589812333
hubert,6way,uniform,cosyvoice3,cosyvoice3,0.6112600536193029
hubert,6way,uniform,cosyvoice3,chatterbox,0.34316353887399464
hubert,6way,uniform,cosyvoice3,indextts,0.021447721179624665
hubert,6way,uniform,chatterbox,real,0.0160857908847185
hubert,6way,uniform,chatterbox,f5tts,0.010723860589812333
hubert,6way,uniform,chatterbox,xtts,0.0160857908847185
hubert,6way,uniform,chatterbox,cosyvoice3,0.12332439678284182
hubert,6way,uniform,chatterbox,chatterbox,0.8176943699731903
hubert,6way,uniform,chatterbox,indextts,0.0160857908847185
hubert,6way,uniform,indextts,real,0.03485254691689008
hubert,6way,uniform,indextts,f5tts,0.002680965147453083
hubert,6way,uniform,indextts,xtts,0.024128686327077747
hubert,6way,uniform,indextts,cosyvoice3,0.13136729222520108
hubert,6way,uniform,indextts,chatterbox,0.35656836461126007
hubert,6way,uniform,indextts,indextts,0.450402144772118
hubert,6way,tiebreak_distance,real,real,0.4932975871313673
hubert,6way,tiebreak_distance,real,f5tts,0.021447721179624665
hubert,6way,tiebreak_distance,real,xtts,0.06166219839142091
hubert,6way,tiebreak_distance,real,cosyvoice3,0.16353887399463807
hubert,6way,tiebreak_distance,real,chatterbox,0.20107238605898123
hubert,6way,tiebreak_distance,real,indextts,0.058981233243967826
hubert,6way,tiebreak_distance,f5tts,real,0.013404825737265416
hubert,6way,tiebreak_distance,f5tts,f5tts,0.935656836461126
hubert,6way,tiebreak_distance,f5tts,xtts,0.03485254691689008
hubert,6way,tiebreak_distance,f5tts,cosyvoice3,0.002680965147453083
hubert,6way,tiebreak_distance,f5tts,chatterbox,0.010723860589812333
hubert,6way,tiebreak_distance,f5tts,indextts,0.002680965147453083
hubert,6way,tiebreak_distance,xtts,real,0.0160857908847185
hubert,6way,tiebreak_distance,xtts,f5tts,0.002680965147453083
hubert,6way,tiebreak_distance,xtts,xtts,0.9195710455764075
hubert,6way,tiebreak_distance,xtts,cosyvoice3,0.01876675603217158
hubert,6way,tiebreak_distance,xtts,chatterbox,0.03485254691689008
hubert,6way,tiebreak_distance,xtts,indextts,0.00804289544235925
hubert,6way,tiebreak_distance,cosyvoice3,real,0.032171581769437
hubert,6way,tiebreak_distance,cosyvoice3,f5tts,0.005361930294906166
hubert,6way,tiebreak_distance,cosyvoice3,xtts,0.024128686327077747
hubert,6way,tiebreak_distance,cosyvoice3,cosyvoice3,0.6380697050938338
hubert,6way,tiebreak_distance,cosyvoice3,chatterbox,0.26541554959785524
hubert,6way,tiebreak_distance,cosyvoice3,indextts,0.03485254691689008
hubert,6way,tiebreak_distance,chatterbox,real,0.02680965147453083
hubert,6way,tiebreak_distance,chatterbox,f5tts,0.013404825737265416
hubert,6way,tiebreak_distance,chatterbox,xtts,0.01876675603217158
hubert,6way,tiebreak_distance,chatterbox,cosyvoice3,0.13136729222520108
hubert,6way,tiebreak_distance,chatterbox,chatterbox,0.7828418230563002
hubert,6way,tiebreak_distance,chatterbox,indextts,0.02680965147453083
hubert,6way,tiebreak_distance,indextts,real,0.058981233243967826
hubert,6way,tiebreak_distance,indextts,f5tts,0.002680965147453083
hubert,6way,tiebreak_distance,indextts,xtts,0.040214477211796246
hubert,6way,tiebreak_distance,indextts,cosyvoice3,0.10991957104557641
hubert,6way,tiebreak_distance,indextts,chatterbox,0.257372654155496
hubert,6way,tiebreak_distance,indextts,indextts,0.5308310991957105
hubert,6way,inverse_distance,real,real,0.4932975871313673
hubert,6way,inverse_distance,real,f5tts,0.021447721179624665
hubert,6way,inverse_distance,real,xtts,0.06166219839142091
hubert,6way,inverse_distance,real,cosyvoice3,0.16085790884718498
hubert,6way,inverse_distance,real,chatterbox,0.20107238605898123
hubert,6way,inverse_distance,real,indextts,0.06166219839142091
hubert,6way,inverse_distance,f5tts,real,0.013404825737265416
hubert,6way,inverse_distance,f5tts,f5tts,0.935656836461126
hubert,6way,inverse_distance,f5tts,xtts,0.03485254691689008
hubert,6way,inverse_distance,f5tts,cosyvoice3,0.002680965147453083
hubert,6way,inverse_distance,f5tts,chatterbox,0.010723860589812333
hubert,6way,inverse_distance,f5tts,indextts,0.002680965147453083
hubert,6way,inverse_distance,xtts,real,0.0160857908847185
hubert,6way,inverse_distance,xtts,f5tts,0.002680965147453083
hubert,6way,inverse_distance,xtts,xtts,0.9195710455764075
hubert,6way,inverse_distance,xtts,cosyvoice3,0.01876675603217158
hubert,6way,inverse_distance,xtts,chatterbox,0.03485254691689008
hubert,6way,inverse_distance,xtts,indextts,0.00804289544235925
hubert,6way,inverse_distance,cosyvoice3,real,0.032171581769437
hubert,6way,inverse_distance,cosyvoice3,f5tts,0.005361930294906166
hubert,6way,inverse_distance,cosyvoice3,xtts,0.024128686327077747
hubert,6way,inverse_distance,cosyvoice3,cosyvoice3,0.6380697050938338
hubert,6way,inverse_distance,cosyvoice3,chatterbox,0.26541554959785524
hubert,6way,inverse_distance,cosyvoice3,indextts,0.03485254691689008
hubert,6way,inverse_distance,chatterbox,real,0.02680965147453083
hubert,6way,inverse_distance,chatterbox,f5tts,0.0160857908847185
hubert,6way,inverse_distance,chatterbox,xtts,0.01876675603217158
hubert,6way,inverse_distance,chatterbox,cosyvoice3,0.13136729222520108
hubert,6way,inverse_distance,chatterbox,chatterbox,0.7801608579088471
hubert,6way,inverse_distance,chatterbox,indextts,0.02680965147453083
hubert,6way,inverse_distance,indextts,real,0.058981233243967826
hubert,6way,inverse_distance,indextts,f5tts,0.002680965147453083
hubert,6way,inverse_distance,indextts,xtts,0.040214477211796246
hubert,6way,inverse_distance,indextts,cosyvoice3,0.1126005361930295
hubert,6way,inverse_distance,indextts,chatterbox,0.2546916890080429
hubert,6way,inverse_distance,indextts,indextts,0.5308310991957105
hubert,ttsonly,uniform,f5tts,f5tts,0.8793565683646113
hubert,ttsonly,uniform,f5tts,xtts,0.029490616621983913
hubert,ttsonly,uniform,f5tts,cosyvoice3,0.032171581769437
hubert,ttsonly,uniform,f5tts,chatterbox,0.05093833780160858
hubert,ttsonly,uniform,f5tts,indextts,0.00804289544235925
hubert,ttsonly,uniform,xtts,f5tts,0.002680965147453083
hubert,ttsonly,uniform,xtts,xtts,0.9463806970509383
hubert,ttsonly,uniform,xtts,cosyvoice3,0.00804289544235925
hubert,ttsonly,uniform,xtts,chatterbox,0.032171581769437
hubert,ttsonly,uniform,xtts,indextts,0.010723860589812333
hubert,ttsonly,uniform,cosyvoice3,f5tts,0.005361930294906166
hubert,ttsonly,uniform,cosyvoice3,xtts,0.03485254691689008
hubert,ttsonly,uniform,cosyvoice3,cosyvoice3,0.5093833780160858
hubert,ttsonly,uniform,cosyvoice3,chatterbox,0.4128686327077748
hubert,ttsonly,uniform,cosyvoice3,indextts,0.03753351206434316
hubert,ttsonly,uniform,chatterbox,f5tts,0.010723860589812333
hubert,ttsonly,uniform,chatterbox,xtts,0.0160857908847185
hubert,ttsonly,uniform,chatterbox,cosyvoice3,0.1260053619302949
hubert,ttsonly,uniform,chatterbox,chatterbox,0.7935656836461126
hubert,ttsonly,uniform,chatterbox,indextts,0.05361930294906166
hubert,ttsonly,uniform,indextts,f5tts,0.010723860589812333
hubert,ttsonly,uniform,indextts,xtts,0.0160857908847185
hubert,ttsonly,uniform,indextts,cosyvoice3,0.12332439678284182
hubert,ttsonly,uniform,indextts,chatterbox,0.28150134048257375
hubert,ttsonly,uniform,indextts,indextts,0.5683646112600537
hubert,ttsonly,tiebreak_distance,f5tts,f5tts,0.8927613941018767
hubert,ttsonly,tiebreak_distance,f5tts,xtts,0.032171581769437
hubert,ttsonly,tiebreak_distance,f5tts,cosyvoice3,0.02680965147453083
hubert,ttsonly,tiebreak_distance,f5tts,chatterbox,0.03485254691689008
hubert,ttsonly,tiebreak_distance,f5tts,indextts,0.013404825737265416
hubert,ttsonly,tiebreak_distance,xtts,f5tts,0.0
hubert,ttsonly,tiebreak_distance,xtts,xtts,0.9597855227882037
hubert,ttsonly,tiebreak_distance,xtts,cosyvoice3,0.00804289544235925
hubert,ttsonly,tiebreak_distance,xtts,chatterbox,0.021447721179624665
hubert,ttsonly,tiebreak_distance,xtts,indextts,0.010723860589812333
hubert,ttsonly,tiebreak_distance,cosyvoice3,f5tts,0.013404825737265416
hubert,ttsonly,tiebreak_distance,cosyvoice3,xtts,0.03753351206434316
hubert,ttsonly,tiebreak_distance,cosyvoice3,cosyvoice3,0.5683646112600537
hubert,ttsonly,tiebreak_distance,cosyvoice3,chatterbox,0.3136729222520107
hubert,ttsonly,tiebreak_distance,cosyvoice3,indextts,0.06702412868632708
hubert,ttsonly,tiebreak_distance,chatterbox,f5tts,0.00804289544235925
hubert,ttsonly,tiebreak_distance,chatterbox,xtts,0.01876675603217158
hubert,ttsonly,tiebreak_distance,chatterbox,cosyvoice3,0.13941018766756033
hubert,ttsonly,tiebreak_distance,chatterbox,chatterbox,0.7560321715817694
hubert,ttsonly,tiebreak_distance,chatterbox,indextts,0.0777479892761394
hubert,ttsonly,tiebreak_distance,indextts,f5tts,0.013404825737265416
hubert,ttsonly,tiebreak_distance,indextts,xtts,0.024128686327077747
hubert,ttsonly,tiebreak_distance,indextts,cosyvoice3,0.09115281501340483
hubert,ttsonly,tiebreak_distance,indextts,chatterbox,0.1903485254691689
hubert,ttsonly,tiebreak_distance,indextts,indextts,0.6809651474530831
hubert,ttsonly,inverse_distance,f5tts,f5tts,0.8954423592493298
hubert,ttsonly,inverse_distance,f5tts,xtts,0.032171581769437
hubert,ttsonly,inverse_distance,f5tts,cosyvoice3,0.02680965147453083
hubert,ttsonly,inverse_distance,f5tts,chatterbox,0.03485254691689008
hubert,ttsonly,inverse_distance,f5tts,indextts,0.010723860589812333
hubert,ttsonly,inverse_distance,xtts,f5tts,0.0
hubert,ttsonly,inverse_distance,xtts,xtts,0.9597855227882037
hubert,ttsonly,inverse_distance,xtts,cosyvoice3,0.00804289544235925
hubert,ttsonly,inverse_distance,xtts,chatterbox,0.021447721179624665
hubert,ttsonly,inverse_distance,xtts,indextts,0.010723860589812333
hubert,ttsonly,inverse_distance,cosyvoice3,f5tts,0.010723860589812333
hubert,ttsonly,inverse_distance,cosyvoice3,xtts,0.03753351206434316
hubert,ttsonly,inverse_distance,cosyvoice3,cosyvoice3,0.5683646112600537
hubert,ttsonly,inverse_distance,cosyvoice3,chatterbox,0.3163538873994638
hubert,ttsonly,inverse_distance,cosyvoice3,indextts,0.06702412868632708
hubert,ttsonly,inverse_distance,chatterbox,f5tts,0.00804289544235925
hubert,ttsonly,inverse_distance,chatterbox,xtts,0.01876675603217158
hubert,ttsonly,inverse_distance,chatterbox,cosyvoice3,0.13941018766756033
hubert,ttsonly,inverse_distance,chatterbox,chatterbox,0.7560321715817694
hubert,ttsonly,inverse_distance,chatterbox,indextts,0.0777479892761394
hubert,ttsonly,inverse_distance,indextts,f5tts,0.013404825737265416
hubert,ttsonly,inverse_distance,indextts,xtts,0.024128686327077747
hubert,ttsonly,inverse_distance,indextts,cosyvoice3,0.09115281501340483
hubert,ttsonly,inverse_distance,indextts,chatterbox,0.1903485254691689
hubert,ttsonly,inverse_distance,indextts,indextts,0.6809651474530831
xlsr,6way,uniform,real,real,0.39946380697050937
xlsr,6way,uniform,real,f5tts,0.0160857908847185
xlsr,6way,uniform,real,xtts,0.05630026809651475
xlsr,6way,uniform,real,cosyvoice3,0.21983914209115282
xlsr,6way,uniform,real,chatterbox,0.1876675603217158
xlsr,6way,uniform,real,indextts,0.12064343163538874
xlsr,6way,uniform,f5tts,real,0.0
xlsr,6way,uniform,f5tts,f5tts,0.9410187667560321
xlsr,6way,uniform,f5tts,xtts,0.02680965147453083
xlsr,6way,uniform,f5tts,cosyvoice3,0.013404825737265416
xlsr,6way,uniform,f5tts,chatterbox,0.01876675603217158
xlsr,6way,uniform,f5tts,indextts,0.0
xlsr,6way,uniform,xtts,real,0.0
xlsr,6way,uniform,xtts,f5tts,0.002680965147453083
xlsr,6way,uniform,xtts,xtts,0.9544235924932976
xlsr,6way,uniform,xtts,cosyvoice3,0.0160857908847185
xlsr,6way,uniform,xtts,chatterbox,0.00804289544235925
xlsr,6way,uniform,xtts,indextts,0.01876675603217158
xlsr,6way,uniform,cosyvoice3,real,0.00804289544235925
xlsr,6way,uniform,cosyvoice3,f5tts,0.0
xlsr,6way,uniform,cosyvoice3,xtts,0.029490616621983913
xlsr,6way,uniform,cosyvoice3,cosyvoice3,0.5442359249329759
xlsr,6way,uniform,cosyvoice3,chatterbox,0.3753351206434316
xlsr,6way,uniform,cosyvoice3,indextts,0.04289544235924933
xlsr,6way,uniform,chatterbox,real,0.0
xlsr,6way,uniform,chatterbox,f5tts,0.0
xlsr,6way,uniform,chatterbox,xtts,0.010723860589812333
xlsr,6way,uniform,chatterbox,cosyvoice3,0.10723860589812333
xlsr,6way,uniform,chatterbox,chatterbox,0.8498659517426274
xlsr,6way,uniform,chatterbox,indextts,0.032171581769437
xlsr,6way,uniform,indextts,real,0.010723860589812333
xlsr,6way,uniform,indextts,f5tts,0.00804289544235925
xlsr,6way,uniform,indextts,xtts,0.03485254691689008
xlsr,6way,uniform,indextts,cosyvoice3,0.08310991957104558
xlsr,6way,uniform,indextts,chatterbox,0.16085790884718498
xlsr,6way,uniform,indextts,indextts,0.7024128686327078
xlsr,6way,tiebreak_distance,real,real,0.45576407506702415
xlsr,6way,tiebreak_distance,real,f5tts,0.0160857908847185
xlsr,6way,tiebreak_distance,real,xtts,0.09651474530831099
xlsr,6way,tiebreak_distance,real,cosyvoice3,0.1903485254691689
xlsr,6way,tiebreak_distance,real,chatterbox,0.1260053619302949
xlsr,6way,tiebreak_distance,real,indextts,0.11528150134048257
xlsr,6way,tiebreak_distance,f5tts,real,0.002680965147453083
xlsr,6way,tiebreak_distance,f5tts,f5tts,0.9544235924932976
xlsr,6way,tiebreak_distance,f5tts,xtts,0.032171581769437
xlsr,6way,tiebreak_distance,f5tts,cosyvoice3,0.005361930294906166
xlsr,6way,tiebreak_distance,f5tts,chatterbox,0.005361930294906166
xlsr,6way,tiebreak_distance,f5tts,indextts,0.0
xlsr,6way,tiebreak_distance,xtts,real,0.0
xlsr,6way,tiebreak_distance,xtts,f5tts,0.0
xlsr,6way,tiebreak_distance,xtts,xtts,0.9705093833780161
xlsr,6way,tiebreak_distance,xtts,cosyvoice3,0.013404825737265416
xlsr,6way,tiebreak_distance,xtts,chatterbox,0.002680965147453083
xlsr,6way,tiebreak_distance,xtts,indextts,0.013404825737265416
xlsr,6way,tiebreak_distance,cosyvoice3,real,0.00804289544235925
xlsr,6way,tiebreak_distance,cosyvoice3,f5tts,0.0
xlsr,6way,tiebreak_distance,cosyvoice3,xtts,0.045576407506702415
xlsr,6way,tiebreak_distance,cosyvoice3,cosyvoice3,0.5924932975871313
xlsr,6way,tiebreak_distance,cosyvoice3,chatterbox,0.30294906166219837
xlsr,6way,tiebreak_distance,cosyvoice3,indextts,0.05093833780160858
xlsr,6way,tiebreak_distance,chatterbox,real,0.0
xlsr,6way,tiebreak_distance,chatterbox,f5tts,0.0
xlsr,6way,tiebreak_distance,chatterbox,xtts,0.010723860589812333
xlsr,6way,tiebreak_distance,chatterbox,cosyvoice3,0.13941018766756033
xlsr,6way,tiebreak_distance,chatterbox,chatterbox,0.8096514745308311
xlsr,6way,tiebreak_distance,chatterbox,indextts,0.040214477211796246
xlsr,6way,tiebreak_distance,indextts,real,0.01876675603217158
xlsr,6way,tiebreak_distance,indextts,f5tts,0.005361930294906166
xlsr,6way,tiebreak_distance,indextts,xtts,0.05093833780160858
xlsr,6way,tiebreak_distance,indextts,cosyvoice3,0.06166219839142091
xlsr,6way,tiebreak_distance,indextts,chatterbox,0.10455764075067024
xlsr,6way,tiebreak_distance,indextts,indextts,0.7587131367292225
xlsr,6way,inverse_distance,real,real,0.45308310991957107
xlsr,6way,inverse_distance,real,f5tts,0.0160857908847185
xlsr,6way,inverse_distance,real,xtts,0.09651474530831099
xlsr,6way,inverse_distance,real,cosyvoice3,0.1903485254691689
xlsr,6way,inverse_distance,real,chatterbox,0.128686327077748
xlsr,6way,inverse_distance,real,indextts,0.11528150134048257
xlsr,6way,inverse_distance,f5tts,real,0.002680965147453083
xlsr,6way,inverse_distance,f5tts,f5tts,0.9544235924932976
xlsr,6way,inverse_distance,f5tts,xtts,0.032171581769437
xlsr,6way,inverse_distance,f5tts,cosyvoice3,0.005361930294906166
xlsr,6way,inverse_distance,f5tts,chatterbox,0.005361930294906166
xlsr,6way,inverse_distance,f5tts,indextts,0.0
xlsr,6way,inverse_distance,xtts,real,0.0
xlsr,6way,inverse_distance,xtts,f5tts,0.0
xlsr,6way,inverse_distance,xtts,xtts,0.9705093833780161
xlsr,6way,inverse_distance,xtts,cosyvoice3,0.013404825737265416
xlsr,6way,inverse_distance,xtts,chatterbox,0.002680965147453083
xlsr,6way,inverse_distance,xtts,indextts,0.013404825737265416
xlsr,6way,inverse_distance,cosyvoice3,real,0.00804289544235925
xlsr,6way,inverse_distance,cosyvoice3,f5tts,0.0
xlsr,6way,inverse_distance,cosyvoice3,xtts,0.045576407506702415
xlsr,6way,inverse_distance,cosyvoice3,cosyvoice3,0.5924932975871313
xlsr,6way,inverse_distance,cosyvoice3,chatterbox,0.30294906166219837
xlsr,6way,inverse_distance,cosyvoice3,indextts,0.05093833780160858
xlsr,6way,inverse_distance,chatterbox,real,0.0
xlsr,6way,inverse_distance,chatterbox,f5tts,0.0
xlsr,6way,inverse_distance,chatterbox,xtts,0.010723860589812333
xlsr,6way,inverse_distance,chatterbox,cosyvoice3,0.13941018766756033
xlsr,6way,inverse_distance,chatterbox,chatterbox,0.8123324396782842
xlsr,6way,inverse_distance,chatterbox,indextts,0.03753351206434316
xlsr,6way,inverse_distance,indextts,real,0.01876675603217158
xlsr,6way,inverse_distance,indextts,f5tts,0.005361930294906166
xlsr,6way,inverse_distance,indextts,xtts,0.05093833780160858
xlsr,6way,inverse_distance,indextts,cosyvoice3,0.058981233243967826
xlsr,6way,inverse_distance,indextts,chatterbox,0.10455764075067024
xlsr,6way,inverse_distance,indextts,indextts,0.7613941018766756
xlsr,ttsonly,uniform,f5tts,f5tts,0.935656836461126
xlsr,ttsonly,uniform,f5tts,xtts,0.032171581769437
xlsr,ttsonly,uniform,f5tts,cosyvoice3,0.010723860589812333
xlsr,ttsonly,uniform,f5tts,chatterbox,0.01876675603217158
xlsr,ttsonly,uniform,f5tts,indextts,0.002680965147453083
xlsr,ttsonly,uniform,xtts,f5tts,0.002680965147453083
xlsr,ttsonly,uniform,xtts,xtts,0.9490616621983914
xlsr,ttsonly,uniform,xtts,cosyvoice3,0.0160857908847185
xlsr,ttsonly,uniform,xtts,chatterbox,0.010723860589812333
xlsr,ttsonly,uniform,xtts,indextts,0.021447721179624665
xlsr,ttsonly,uniform,cosyvoice3,f5tts,0.002680965147453083
xlsr,ttsonly,uniform,cosyvoice3,xtts,0.032171581769437
xlsr,ttsonly,uniform,cosyvoice3,cosyvoice3,0.5388739946380697
xlsr,ttsonly,uniform,cosyvoice3,chatterbox,0.38337801608579086
xlsr,ttsonly,uniform,cosyvoice3,indextts,0.04289544235924933
xlsr,ttsonly,uniform,chatterbox,f5tts,0.0
xlsr,ttsonly,uniform,chatterbox,xtts,0.00804289544235925
xlsr,ttsonly,uniform,chatterbox,cosyvoice3,0.12064343163538874
xlsr,ttsonly,uniform,chatterbox,chatterbox,0.839142091152815
xlsr,ttsonly,uniform,chatterbox,indextts,0.032171581769437
xlsr,ttsonly,uniform,indextts,f5tts,0.002680965147453083
xlsr,ttsonly,uniform,indextts,xtts,0.032171581769437
xlsr,ttsonly,uniform,indextts,cosyvoice3,0.10187667560321716
xlsr,ttsonly,uniform,indextts,chatterbox,0.18498659517426275
xlsr,ttsonly,uniform,indextts,indextts,0.67828418230563
xlsr,ttsonly,tiebreak_distance,f5tts,f5tts,0.9463806970509383
xlsr,ttsonly,tiebreak_distance,f5tts,xtts,0.03753351206434316
xlsr,ttsonly,tiebreak_distance,f5tts,cosyvoice3,0.00804289544235925
xlsr,ttsonly,tiebreak_distance,f5tts,chatterbox,0.005361930294906166
xlsr,ttsonly,tiebreak_distance,f5tts,indextts,0.002680965147453083
xlsr,ttsonly,tiebreak_distance,xtts,f5tts,0.0
xlsr,ttsonly,tiebreak_distance,xtts,xtts,0.967828418230563
xlsr,ttsonly,tiebreak_distance,xtts,cosyvoice3,0.010723860589812333
xlsr,ttsonly,tiebreak_distance,xtts,chatterbox,0.005361930294906166
xlsr,ttsonly,tiebreak_distance,xtts,indextts,0.0160857908847185
xlsr,ttsonly,tiebreak_distance,cosyvoice3,f5tts,0.0
xlsr,ttsonly,tiebreak_distance,cosyvoice3,xtts,0.04825737265415549
xlsr,ttsonly,tiebreak_distance,cosyvoice3,cosyvoice3,0.5844504021447721
xlsr,ttsonly,tiebreak_distance,cosyvoice3,chatterbox,0.3190348525469169
xlsr,ttsonly,tiebreak_distance,cosyvoice3,indextts,0.04825737265415549
xlsr,ttsonly,tiebreak_distance,chatterbox,f5tts,0.0
xlsr,ttsonly,tiebreak_distance,chatterbox,xtts,0.010723860589812333
xlsr,ttsonly,tiebreak_distance,chatterbox,cosyvoice3,0.1554959785522788
xlsr,ttsonly,tiebreak_distance,chatterbox,chatterbox,0.7935656836461126
xlsr,ttsonly,tiebreak_distance,chatterbox,indextts,0.040214477211796246
xlsr,ttsonly,tiebreak_distance,indextts,f5tts,0.002680965147453083
xlsr,ttsonly,tiebreak_distance,indextts,xtts,0.05093833780160858
xlsr,ttsonly,tiebreak_distance,indextts,cosyvoice3,0.07506702412868632
xlsr,ttsonly,tiebreak_distance,indextts,chatterbox,0.10723860589812333
xlsr,ttsonly,tiebreak_distance,indextts,indextts,0.7640750670241286
xlsr,ttsonly,inverse_distance,f5tts,f5tts,0.9463806970509383
xlsr,ttsonly,inverse_distance,f5tts,xtts,0.03753351206434316
xlsr,ttsonly,inverse_distance,f5tts,cosyvoice3,0.00804289544235925
xlsr,ttsonly,inverse_distance,f5tts,chatterbox,0.005361930294906166
xlsr,ttsonly,inverse_distance,f5tts,indextts,0.002680965147453083
xlsr,ttsonly,inverse_distance,xtts,f5tts,0.0
xlsr,ttsonly,inverse_distance,xtts,xtts,0.967828418230563
xlsr,ttsonly,inverse_distance,xtts,cosyvoice3,0.010723860589812333
xlsr,ttsonly,inverse_distance,xtts,chatterbox,0.005361930294906166
xlsr,ttsonly,inverse_distance,xtts,indextts,0.0160857908847185
xlsr,ttsonly,inverse_distance,cosyvoice3,f5tts,0.0
xlsr,ttsonly,inverse_distance,cosyvoice3,xtts,0.04825737265415549
xlsr,ttsonly,inverse_distance,cosyvoice3,cosyvoice3,0.5844504021447721
xlsr,ttsonly,inverse_distance,cosyvoice3,chatterbox,0.3190348525469169
xlsr,ttsonly,inverse_distance,cosyvoice3,indextts,0.04825737265415549
xlsr,ttsonly,inverse_distance,chatterbox,f5tts,0.0
xlsr,ttsonly,inverse_distance,chatterbox,xtts,0.010723860589812333
xlsr,ttsonly,inverse_distance,chatterbox,cosyvoice3,0.1554959785522788
xlsr,ttsonly,inverse_distance,chatterbox,chatterbox,0.7962466487935657
xlsr,ttsonly,inverse_distance,chatterbox,indextts,0.03753351206434316
xlsr,ttsonly,inverse_distance,indextts,f5tts,0.002680965147453083
xlsr,ttsonly,inverse_distance,indextts,xtts,0.05093833780160858
xlsr,ttsonly,inverse_distance,indextts,cosyvoice3,0.07506702412868632
xlsr,ttsonly,inverse_distance,indextts,chatterbox,0.10723860589812333
xlsr,ttsonly,inverse_distance,indextts,indextts,0.7640750670241286
w2v2lv60,6way,uniform,real,real,0.5254691689008043
w2v2lv60,6way,uniform,real,f5tts,0.0160857908847185
w2v2lv60,6way,uniform,real,xtts,0.064343163538874
w2v2lv60,6way,uniform,real,cosyvoice3,0.10187667560321716
w2v2lv60,6way,uniform,real,chatterbox,0.21983914209115282
w2v2lv60,6way,uniform,real,indextts,0.07238605898123325
w2v2lv60,6way,uniform,f5tts,real,0.021447721179624665
w2v2lv60,6way,uniform,f5tts,f5tts,0.9115281501340483
w2v2lv60,6way,uniform,f5tts,xtts,0.0160857908847185
w2v2lv60,6way,uniform,f5tts,cosyvoice3,0.0160857908847185
w2v2lv60,6way,uniform,f5tts,chatterbox,0.032171581769437
w2v2lv60,6way,uniform,f5tts,indextts,0.002680965147453083
w2v2lv60,6way,uniform,xtts,real,0.02680965147453083
w2v2lv60,6way,uniform,xtts,f5tts,0.0
w2v2lv60,6way,uniform,xtts,xtts,0.7560321715817694
w2v2lv60,6way,uniform,xtts,cosyvoice3,0.09919571045576407
w2v2lv60,6way,uniform,xtts,chatterbox,0.09651474530831099
w2v2lv60,6way,uniform,xtts,indextts,0.021447721179624665
w2v2lv60,6way,uniform,cosyvoice3,real,0.03753351206434316
w2v2lv60,6way,uniform,cosyvoice3,f5tts,0.005361930294906166
w2v2lv60,6way,uniform,cosyvoice3,xtts,0.024128686327077747
w2v2lv60,6way,uniform,cosyvoice3,cosyvoice3,0.6166219839142091
w2v2lv60,6way,uniform,cosyvoice3,chatterbox,0.26273458445040215
w2v2lv60,6way,uniform,cosyvoice3,indextts,0.05361930294906166
w2v2lv60,6way,uniform,chatterbox,real,0.040214477211796246
w2v2lv60,6way,uniform,chatterbox,f5tts,0.002680965147453083
w2v2lv60,6way,uniform,chatterbox,xtts,0.0160857908847185
w2v2lv60,6way,uniform,chatterbox,cosyvoice3,0.15281501340482573
w2v2lv60,6way,uniform,chatterbox,chatterbox,0.7506702412868632
w2v2lv60,6way,uniform,chatterbox,indextts,0.03753351206434316
w2v2lv60,6way,uniform,indextts,real,0.08042895442359249
w2v2lv60,6way,uniform,indextts,f5tts,0.013404825737265416
w2v2lv60,6way,uniform,indextts,xtts,0.04825737265415549
w2v2lv60,6way,uniform,indextts,cosyvoice3,0.14745308310991956
w2v2lv60,6way,uniform,indextts,chatterbox,0.18230563002680966
w2v2lv60,6way,uniform,indextts,indextts,0.5281501340482574
w2v2lv60,6way,tiebreak_distance,real,real,0.579088471849866
w2v2lv60,6way,tiebreak_distance,real,f5tts,0.0160857908847185
w2v2lv60,6way,tiebreak_distance,real,xtts,0.08310991957104558
w2v2lv60,6way,tiebreak_distance,real,cosyvoice3,0.0938337801608579
w2v2lv60,6way,tiebreak_distance,real,chatterbox,0.16085790884718498
w2v2lv60,6way,tiebreak_distance,real,indextts,0.06702412868632708
w2v2lv60,6way,tiebreak_distance,f5tts,real,0.024128686327077747
w2v2lv60,6way,tiebreak_distance,f5tts,f5tts,0.9195710455764075
w2v2lv60,6way,tiebreak_distance,f5tts,xtts,0.01876675603217158
w2v2lv60,6way,tiebreak_distance,f5tts,cosyvoice3,0.00804289544235925
w2v2lv60,6way,tiebreak_distance,f5tts,chatterbox,0.021447721179624665
w2v2lv60,6way,tiebreak_distance,f5tts,indextts,0.00804289544235925
w2v2lv60,6way,tiebreak_distance,xtts,real,0.024128686327077747
w2v2lv60,6way,tiebreak_distance,xtts,f5tts,0.0
w2v2lv60,6way,tiebreak_distance,xtts,xtts,0.8123324396782842
w2v2lv60,6way,tiebreak_distance,xtts,cosyvoice3,0.08579088471849866
w2v2lv60,6way,tiebreak_distance,xtts,chatterbox,0.05630026809651475
w2v2lv60,6way,tiebreak_distance,xtts,indextts,0.021447721179624665
w2v2lv60,6way,tiebreak_distance,cosyvoice3,real,0.05093833780160858
w2v2lv60,6way,tiebreak_distance,cosyvoice3,f5tts,0.010723860589812333
w2v2lv60,6way,tiebreak_distance,cosyvoice3,xtts,0.032171581769437
w2v2lv60,6way,tiebreak_distance,cosyvoice3,cosyvoice3,0.6407506702412868
w2v2lv60,6way,tiebreak_distance,cosyvoice3,chatterbox,0.21179624664879357
w2v2lv60,6way,tiebreak_distance,cosyvoice3,indextts,0.05361930294906166
w2v2lv60,6way,tiebreak_distance,chatterbox,real,0.04825737265415549
w2v2lv60,6way,tiebreak_distance,chatterbox,f5tts,0.00804289544235925
w2v2lv60,6way,tiebreak_distance,chatterbox,xtts,0.032171581769437
w2v2lv60,6way,tiebreak_distance,chatterbox,cosyvoice3,0.1876675603217158
w2v2lv60,6way,tiebreak_distance,chatterbox,chatterbox,0.67828418230563
w2v2lv60,6way,tiebreak_distance,chatterbox,indextts,0.045576407506702415
w2v2lv60,6way,tiebreak_distance,indextts,real,0.09919571045576407
w2v2lv60,6way,tiebreak_distance,indextts,f5tts,0.00804289544235925
w2v2lv60,6way,tiebreak_distance,indextts,xtts,0.064343163538874
w2v2lv60,6way,tiebreak_distance,indextts,cosyvoice3,0.13136729222520108
w2v2lv60,6way,tiebreak_distance,indextts,chatterbox,0.13941018766756033
w2v2lv60,6way,tiebreak_distance,indextts,indextts,0.5576407506702413
w2v2lv60,6way,inverse_distance,real,real,0.579088471849866
w2v2lv60,6way,inverse_distance,real,f5tts,0.0160857908847185
w2v2lv60,6way,inverse_distance,real,xtts,0.08310991957104558
w2v2lv60,6way,inverse_distance,real,cosyvoice3,0.0938337801608579
w2v2lv60,6way,inverse_distance,real,chatterbox,0.16353887399463807
w2v2lv60,6way,inverse_distance,real,indextts,0.064343163538874
w2v2lv60,6way,inverse_distance,f5tts,real,0.024128686327077747
w2v2lv60,6way,inverse_distance,f5tts,f5tts,0.9195710455764075
w2v2lv60,6way,inverse_distance,f5tts,xtts,0.01876675603217158
w2v2lv60,6way,inverse_distance,f5tts,cosyvoice3,0.00804289544235925
w2v2lv60,6way,inverse_distance,f5tts,chatterbox,0.021447721179624665
w2v2lv60,6way,inverse_distance,f5tts,indextts,0.00804289544235925
w2v2lv60,6way,inverse_distance,xtts,real,0.024128686327077747
w2v2lv60,6way,inverse_distance,xtts,f5tts,0.0
w2v2lv60,6way,inverse_distance,xtts,xtts,0.8123324396782842
w2v2lv60,6way,inverse_distance,xtts,cosyvoice3,0.08579088471849866
w2v2lv60,6way,inverse_distance,xtts,chatterbox,0.05630026809651475
w2v2lv60,6way,inverse_distance,xtts,indextts,0.021447721179624665
w2v2lv60,6way,inverse_distance,cosyvoice3,real,0.05093833780160858
w2v2lv60,6way,inverse_distance,cosyvoice3,f5tts,0.010723860589812333
w2v2lv60,6way,inverse_distance,cosyvoice3,xtts,0.029490616621983913
w2v2lv60,6way,inverse_distance,cosyvoice3,cosyvoice3,0.6407506702412868
w2v2lv60,6way,inverse_distance,cosyvoice3,chatterbox,0.21179624664879357
w2v2lv60,6way,inverse_distance,cosyvoice3,indextts,0.05630026809651475
w2v2lv60,6way,inverse_distance,chatterbox,real,0.04825737265415549
w2v2lv60,6way,inverse_distance,chatterbox,f5tts,0.00804289544235925
w2v2lv60,6way,inverse_distance,chatterbox,xtts,0.032171581769437
w2v2lv60,6way,inverse_distance,chatterbox,cosyvoice3,0.1876675603217158
w2v2lv60,6way,inverse_distance,chatterbox,chatterbox,0.67828418230563
w2v2lv60,6way,inverse_distance,chatterbox,indextts,0.045576407506702415
w2v2lv60,6way,inverse_distance,indextts,real,0.09919571045576407
w2v2lv60,6way,inverse_distance,indextts,f5tts,0.00804289544235925
w2v2lv60,6way,inverse_distance,indextts,xtts,0.064343163538874
w2v2lv60,6way,inverse_distance,indextts,cosyvoice3,0.13404825737265416
w2v2lv60,6way,inverse_distance,indextts,chatterbox,0.13672922252010725
w2v2lv60,6way,inverse_distance,indextts,indextts,0.5576407506702413
w2v2lv60,ttsonly,uniform,f5tts,f5tts,0.8579088471849866
w2v2lv60,ttsonly,uniform,f5tts,xtts,0.024128686327077747
w2v2lv60,ttsonly,uniform,f5tts,cosyvoice3,0.021447721179624665
w2v2lv60,ttsonly,uniform,f5tts,chatterbox,0.06702412868632708
w2v2lv60,ttsonly,uniform,f5tts,indextts,0.029490616621983913
w2v2lv60,ttsonly,uniform,xtts,f5tts,0.0
w2v2lv60,ttsonly,uniform,xtts,xtts,0.8579088471849866
w2v2lv60,ttsonly,uniform,xtts,cosyvoice3,0.04825737265415549
w2v2lv60,ttsonly,uniform,xtts,chatterbox,0.06702412868632708
w2v2lv60,ttsonly,uniform,xtts,indextts,0.02680965147453083
w2v2lv60,ttsonly,uniform,cosyvoice3,f5tts,0.00804289544235925
w2v2lv60,ttsonly,uniform,cosyvoice3,xtts,0.01876675603217158
w2v2lv60,ttsonly,uniform,cosyvoice3,cosyvoice3,0.5227882037533512
w2v2lv60,ttsonly,uniform,cosyvoice3,chatterbox,0.38605898123324395
w2v2lv60,ttsonly,uniform,cosyvoice3,indextts,0.064343163538874
w2v2lv60,ttsonly,uniform,chatterbox,f5tts,0.002680965147453083
w2v2lv60,ttsonly,uniform,chatterbox,xtts,0.00804289544235925
w2v2lv60,ttsonly,uniform,chatterbox,cosyvoice3,0.128686327077748
w2v2lv60,ttsonly,uniform,chatterbox,chatterbox,0.7989276139410187
w2v2lv60,ttsonly,uniform,chatterbox,indextts,0.06166219839142091
w2v2lv60,ttsonly,uniform,indextts,f5tts,0.010723860589812333
w2v2lv60,ttsonly,uniform,indextts,xtts,0.010723860589812333
w2v2lv60,ttsonly,uniform,indextts,cosyvoice3,0.10187667560321716
w2v2lv60,ttsonly,uniform,indextts,chatterbox,0.2225201072386059
w2v2lv60,ttsonly,uniform,indextts,indextts,0.6541554959785523
w2v2lv60,ttsonly,tiebreak_distance,f5tts,f5tts,0.8739946380697051
w2v2lv60,ttsonly,tiebreak_distance,f5tts,xtts,0.02680965147453083
w2v2lv60,ttsonly,tiebreak_distance,f5tts,cosyvoice3,0.0160857908847185
w2v2lv60,ttsonly,tiebreak_distance,f5tts,chatterbox,0.032171581769437
w2v2lv60,ttsonly,tiebreak_distance,f5tts,indextts,0.05093833780160858
w2v2lv60,ttsonly,tiebreak_distance,xtts,f5tts,0.0
w2v2lv60,ttsonly,tiebreak_distance,xtts,xtts,0.8954423592493298
w2v2lv60,ttsonly,tiebreak_distance,xtts,cosyvoice3,0.03753351206434316
w2v2lv60,ttsonly,tiebreak_distance,xtts,chatterbox,0.04289544235924933
w2v2lv60,ttsonly,tiebreak_distance,xtts,indextts,0.024128686327077747
w2v2lv60,ttsonly,tiebreak_distance,cosyvoice3,f5tts,0.005361930294906166
w2v2lv60,ttsonly,tiebreak_distance,cosyvoice3,xtts,0.01876675603217158
w2v2lv60,ttsonly,tiebreak_distance,cosyvoice3,cosyvoice3,0.5630026809651475
w2v2lv60,ttsonly,tiebreak_distance,cosyvoice3,chatterbox,0.2975871313672922
w2v2lv60,ttsonly,tiebreak_distance,cosyvoice3,indextts,0.11528150134048257
w2v2lv60,ttsonly,tiebreak_distance,chatterbox,f5tts,0.002680965147453083
w2v2lv60,ttsonly,tiebreak_distance,chatterbox,xtts,0.013404825737265416
w2v2lv60,ttsonly,tiebreak_distance,chatterbox,cosyvoice3,0.13941018766756033
w2v2lv60,ttsonly,tiebreak_distance,chatterbox,chatterbox,0.7292225201072386
w2v2lv60,ttsonly,tiebreak_distance,chatterbox,indextts,0.11528150134048257
w2v2lv60,ttsonly,tiebreak_distance,indextts,f5tts,0.0
w2v2lv60,ttsonly,tiebreak_distance,indextts,xtts,0.0160857908847185
w2v2lv60,ttsonly,tiebreak_distance,indextts,cosyvoice3,0.07506702412868632
w2v2lv60,ttsonly,tiebreak_distance,indextts,chatterbox,0.15013404825737264
w2v2lv60,ttsonly,tiebreak_distance,indextts,indextts,0.7587131367292225
w2v2lv60,ttsonly,inverse_distance,f5tts,f5tts,0.8739946380697051
w2v2lv60,ttsonly,inverse_distance,f5tts,xtts,0.02680965147453083
w2v2lv60,ttsonly,inverse_distance,f5tts,cosyvoice3,0.0160857908847185
w2v2lv60,ttsonly,inverse_distance,f5tts,chatterbox,0.032171581769437
w2v2lv60,ttsonly,inverse_distance,f5tts,indextts,0.05093833780160858
w2v2lv60,ttsonly,inverse_distance,xtts,f5tts,0.0
w2v2lv60,ttsonly,inverse_distance,xtts,xtts,0.8954423592493298
w2v2lv60,ttsonly,inverse_distance,xtts,cosyvoice3,0.03753351206434316
w2v2lv60,ttsonly,inverse_distance,xtts,chatterbox,0.04289544235924933
w2v2lv60,ttsonly,inverse_distance,xtts,indextts,0.024128686327077747
w2v2lv60,ttsonly,inverse_distance,cosyvoice3,f5tts,0.005361930294906166
w2v2lv60,ttsonly,inverse_distance,cosyvoice3,xtts,0.01876675603217158
w2v2lv60,ttsonly,inverse_distance,cosyvoice3,cosyvoice3,0.5630026809651475
w2v2lv60,ttsonly,inverse_distance,cosyvoice3,chatterbox,0.2975871313672922
w2v2lv60,ttsonly,inverse_distance,cosyvoice3,indextts,0.11528150134048257
w2v2lv60,ttsonly,inverse_distance,chatterbox,f5tts,0.002680965147453083
w2v2lv60,ttsonly,inverse_distance,chatterbox,xtts,0.013404825737265416
w2v2lv60,ttsonly,inverse_distance,chatterbox,cosyvoice3,0.13941018766756033
w2v2lv60,ttsonly,inverse_distance,chatterbox,chatterbox,0.7292225201072386
w2v2lv60,ttsonly,inverse_distance,chatterbox,indextts,0.11528150134048257
w2v2lv60,ttsonly,inverse_distance,indextts,f5tts,0.0
w2v2lv60,ttsonly,inverse_distance,indextts,xtts,0.0160857908847185
w2v2lv60,ttsonly,inverse_distance,indextts,cosyvoice3,0.07506702412868632
w2v2lv60,ttsonly,inverse_distance,indextts,chatterbox,0.15013404825737264
w2v2lv60,ttsonly,inverse_distance,indextts,indextts,0.7587131367292225
w2vbert,6way,uniform,real,real,0.6407506702412868
w2vbert,6way,uniform,real,f5tts,0.05361930294906166
w2vbert,6way,uniform,real,xtts,0.040214477211796246
w2vbert,6way,uniform,real,cosyvoice3,0.09115281501340483
w2vbert,6way,uniform,real,chatterbox,0.08310991957104558
w2vbert,6way,uniform,real,indextts,0.09115281501340483
w2vbert,6way,uniform,f5tts,real,0.005361930294906166
w2vbert,6way,uniform,f5tts,f5tts,0.9436997319034852
w2vbert,6way,uniform,f5tts,xtts,0.005361930294906166
w2vbert,6way,uniform,f5tts,cosyvoice3,0.010723860589812333
w2vbert,6way,uniform,f5tts,chatterbox,0.03485254691689008
w2vbert,6way,uniform,f5tts,indextts,0.0
w2vbert,6way,uniform,xtts,real,0.0
w2vbert,6way,uniform,xtts,f5tts,0.00804289544235925
w2vbert,6way,uniform,xtts,xtts,0.9812332439678284
w2vbert,6way,uniform,xtts,cosyvoice3,0.0
w2vbert,6way,uniform,xtts,chatterbox,0.005361930294906166
w2vbert,6way,uniform,xtts,indextts,0.005361930294906166
w2vbert,6way,uniform,cosyvoice3,real,0.03753351206434316
w2vbert,6way,uniform,cosyvoice3,f5tts,0.04825737265415549
w2vbert,6way,uniform,cosyvoice3,xtts,0.0
w2vbert,6way,uniform,cosyvoice3,cosyvoice3,0.5415549597855228
w2vbert,6way,uniform,cosyvoice3,chatterbox,0.35656836461126007
w2vbert,6way,uniform,cosyvoice3,indextts,0.0160857908847185
w2vbert,6way,uniform,chatterbox,real,0.013404825737265416
w2vbert,6way,uniform,chatterbox,f5tts,0.040214477211796246
w2vbert,6way,uniform,chatterbox,xtts,0.005361930294906166
w2vbert,6way,uniform,chatterbox,cosyvoice3,0.09919571045576407
w2vbert,6way,uniform,chatterbox,chatterbox,0.8203753351206434
w2vbert,6way,uniform,chatterbox,indextts,0.021447721179624665
w2vbert,6way,uniform,indextts,real,0.064343163538874
w2vbert,6way,uniform,indextts,f5tts,0.021447721179624665
w2vbert,6way,uniform,indextts,xtts,0.0160857908847185
w2vbert,6way,uniform,indextts,cosyvoice3,0.03485254691689008
w2vbert,6way,uniform,indextts,chatterbox,0.08847184986595175
w2vbert,6way,uniform,indextts,indextts,0.774798927613941
w2vbert,6way,tiebreak_distance,real,real,0.6970509383378016
w2vbert,6way,tiebreak_distance,real,f5tts,0.04289544235924933
w2vbert,6way,tiebreak_distance,real,xtts,0.04289544235924933
w2vbert,6way,tiebreak_distance,real,cosyvoice3,0.064343163538874
w2vbert,6way,tiebreak_distance,real,chatterbox,0.06166219839142091
w2vbert,6way,tiebreak_distance,real,indextts,0.09115281501340483
w2vbert,6way,tiebreak_distance,f5tts,real,0.005361930294906166
w2vbert,6way,tiebreak_distance,f5tts,f5tts,0.9571045576407506
w2vbert,6way,tiebreak_distance,f5tts,xtts,0.00804289544235925
w2vbert,6way,tiebreak_distance,f5tts,cosyvoice3,0.005361930294906166
w2vbert,6way,tiebreak_distance,f5tts,chatterbox,0.024128686327077747
w2vbert,6way,tiebreak_distance,f5tts,indextts,0.0
w2vbert,6way,tiebreak_distance,xtts,real,0.0
w2vbert,6way,tiebreak_distance,xtts,f5tts,0.002680965147453083
w2vbert,6way,tiebreak_distance,xtts,xtts,0.9892761394101877
w2vbert,6way,tiebreak_distance,xtts,cosyvoice3,0.0
w2vbert,6way,tiebreak_distance,xtts,chatterbox,0.005361930294906166
w2vbert,6way,tiebreak_distance,xtts,indextts,0.002680965147453083
w2vbert,6way,tiebreak_distance,cosyvoice3,real,0.058981233243967826
w2vbert,6way,tiebreak_distance,cosyvoice3,f5tts,0.07238605898123325
w2vbert,6way,tiebreak_distance,cosyvoice3,xtts,0.0
w2vbert,6way,tiebreak_distance,cosyvoice3,cosyvoice3,0.5442359249329759
w2vbert,6way,tiebreak_distance,cosyvoice3,chatterbox,0.30563002680965146
w2vbert,6way,tiebreak_distance,cosyvoice3,indextts,0.01876675603217158
w2vbert,6way,tiebreak_distance,chatterbox,real,0.021447721179624665
w2vbert,6way,tiebreak_distance,chatterbox,f5tts,0.04289544235924933
w2vbert,6way,tiebreak_distance,chatterbox,xtts,0.005361930294906166
w2vbert,6way,tiebreak_distance,chatterbox,cosyvoice3,0.1126005361930295
w2vbert,6way,tiebreak_distance,chatterbox,chatterbox,0.7935656836461126
w2vbert,6way,tiebreak_distance,chatterbox,indextts,0.024128686327077747
w2vbert,6way,tiebreak_distance,indextts,real,0.07238605898123325
w2vbert,6way,tiebreak_distance,indextts,f5tts,0.024128686327077747
w2vbert,6way,tiebreak_distance,indextts,xtts,0.021447721179624665
w2vbert,6way,tiebreak_distance,indextts,cosyvoice3,0.029490616621983913
w2vbert,6way,tiebreak_distance,indextts,chatterbox,0.05630026809651475
w2vbert,6way,tiebreak_distance,indextts,indextts,0.7962466487935657
w2vbert,6way,inverse_distance,real,real,0.6970509383378016
w2vbert,6way,inverse_distance,real,f5tts,0.04289544235924933
w2vbert,6way,inverse_distance,real,xtts,0.04289544235924933
w2vbert,6way,inverse_distance,real,cosyvoice3,0.064343163538874
w2vbert,6way,inverse_distance,real,chatterbox,0.06166219839142091
w2vbert,6way,inverse_distance,real,indextts,0.09115281501340483
w2vbert,6way,inverse_distance,f5tts,real,0.005361930294906166
w2vbert,6way,inverse_distance,f5tts,f5tts,0.9597855227882037
w2vbert,6way,inverse_distance,f5tts,xtts,0.00804289544235925
w2vbert,6way,inverse_distance,f5tts,cosyvoice3,0.005361930294906166
w2vbert,6way,inverse_distance,f5tts,chatterbox,0.021447721179624665
w2vbert,6way,inverse_distance,f5tts,indextts,0.0
w2vbert,6way,inverse_distance,xtts,real,0.0
w2vbert,6way,inverse_distance,xtts,f5tts,0.002680965147453083
w2vbert,6way,inverse_distance,xtts,xtts,0.9892761394101877
w2vbert,6way,inverse_distance,xtts,cosyvoice3,0.0
w2vbert,6way,inverse_distance,xtts,chatterbox,0.005361930294906166
w2vbert,6way,inverse_distance,xtts,indextts,0.002680965147453083
w2vbert,6way,inverse_distance,cosyvoice3,real,0.058981233243967826
w2vbert,6way,inverse_distance,cosyvoice3,f5tts,0.07238605898123325
w2vbert,6way,inverse_distance,cosyvoice3,xtts,0.0
w2vbert,6way,inverse_distance,cosyvoice3,cosyvoice3,0.546916890080429
w2vbert,6way,inverse_distance,cosyvoice3,chatterbox,0.30294906166219837
w2vbert,6way,inverse_distance,cosyvoice3,indextts,0.01876675603217158
w2vbert,6way,inverse_distance,chatterbox,real,0.021447721179624665
w2vbert,6way,inverse_distance,chatterbox,f5tts,0.04289544235924933
w2vbert,6way,inverse_distance,chatterbox,xtts,0.005361930294906166
w2vbert,6way,inverse_distance,chatterbox,cosyvoice3,0.1126005361930295
w2vbert,6way,inverse_distance,chatterbox,chatterbox,0.7935656836461126
w2vbert,6way,inverse_distance,chatterbox,indextts,0.024128686327077747
w2vbert,6way,inverse_distance,indextts,real,0.07238605898123325
w2vbert,6way,inverse_distance,indextts,f5tts,0.024128686327077747
w2vbert,6way,inverse_distance,indextts,xtts,0.021447721179624665
w2vbert,6way,inverse_distance,indextts,cosyvoice3,0.029490616621983913
w2vbert,6way,inverse_distance,indextts,chatterbox,0.05630026809651475
w2vbert,6way,inverse_distance,indextts,indextts,0.7962466487935657
w2vbert,ttsonly,uniform,f5tts,f5tts,0.938337801608579
w2vbert,ttsonly,uniform,f5tts,xtts,0.0160857908847185
w2vbert,ttsonly,uniform,f5tts,cosyvoice3,0.002680965147453083
w2vbert,ttsonly,uniform,f5tts,chatterbox,0.01876675603217158
w2vbert,ttsonly,uniform,f5tts,indextts,0.024128686327077747
w2vbert,ttsonly,uniform,xtts,f5tts,0.032171581769437
w2vbert,ttsonly,uniform,xtts,xtts,0.938337801608579
w2vbert,ttsonly,uniform,xtts,cosyvoice3,0.0
w2vbert,ttsonly,uniform,xtts,chatterbox,0.005361930294906166
w2vbert,ttsonly,uniform,xtts,indextts,0.024128686327077747
w2vbert,ttsonly,uniform,cosyvoice3,f5tts,0.0938337801608579
w2vbert,ttsonly,uniform,cosyvoice3,xtts,0.005361930294906166
w2vbert,ttsonly,uniform,cosyvoice3,cosyvoice3,0.579088471849866
w2vbert,ttsonly,uniform,cosyvoice3,chatterbox,0.3002680965147453
w2vbert,ttsonly,uniform,cosyvoice3,indextts,0.021447721179624665
w2vbert,ttsonly,uniform,chatterbox,f5tts,0.07238605898123325
w2vbert,ttsonly,uniform,chatterbox,xtts,0.005361930294906166
w2vbert,ttsonly,uniform,chatterbox,cosyvoice3,0.058981233243967826
w2vbert,ttsonly,uniform,chatterbox,chatterbox,0.8337801608579088
w2vbert,ttsonly,uniform,chatterbox,indextts,0.029490616621983913
w2vbert,ttsonly,uniform,indextts,f5tts,0.06970509383378017
w2vbert,ttsonly,uniform,indextts,xtts,0.032171581769437
w2vbert,ttsonly,uniform,indextts,cosyvoice3,0.02680965147453083
w2vbert,ttsonly,uniform,indextts,chatterbox,0.05630026809651475
w2vbert,ttsonly,uniform,indextts,indextts,0.8150134048257373
w2vbert,ttsonly,tiebreak_distance,f5tts,f5tts,0.9410187667560321
w2vbert,ttsonly,tiebreak_distance,f5tts,xtts,0.01876675603217158
w2vbert,ttsonly,tiebreak_distance,f5tts,cosyvoice3,0.0
w2vbert,ttsonly,tiebreak_distance,f5tts,chatterbox,0.013404825737265416
w2vbert,ttsonly,tiebreak_distance,f5tts,indextts,0.02680965147453083
w2vbert,ttsonly,tiebreak_distance,xtts,f5tts,0.01876675603217158
w2vbert,ttsonly,tiebreak_distance,xtts,xtts,0.9544235924932976
w2vbert,ttsonly,tiebreak_distance,xtts,cosyvoice3,0.0
w2vbert,ttsonly,tiebreak_distance,xtts,chatterbox,0.005361930294906166
w2vbert,ttsonly,tiebreak_distance,xtts,indextts,0.021447721179624665
w2vbert,ttsonly,tiebreak_distance,cosyvoice3,f5tts,0.11796246648793565
w2vbert,ttsonly,tiebreak_distance,cosyvoice3,xtts,0.005361930294906166
w2vbert,ttsonly,tiebreak_distance,cosyvoice3,cosyvoice3,0.5951742627345844
w2vbert,ttsonly,tiebreak_distance,cosyvoice3,chatterbox,0.24932975871313673
w2vbert,ttsonly,tiebreak_distance,cosyvoice3,indextts,0.032171581769437
w2vbert,ttsonly,tiebreak_distance,chatterbox,f5tts,0.08847184986595175
w2vbert,ttsonly,tiebreak_distance,chatterbox,xtts,0.005361930294906166
w2vbert,ttsonly,tiebreak_distance,chatterbox,cosyvoice3,0.06166219839142091
w2vbert,ttsonly,tiebreak_distance,chatterbox,chatterbox,0.8150134048257373
w2vbert,ttsonly,tiebreak_distance,chatterbox,indextts,0.029490616621983913
w2vbert,ttsonly,tiebreak_distance,indextts,f5tts,0.05630026809651475
w2vbert,ttsonly,tiebreak_distance,indextts,xtts,0.04825737265415549
w2vbert,ttsonly,tiebreak_distance,indextts,cosyvoice3,0.0160857908847185
w2vbert,ttsonly,tiebreak_distance,indextts,chatterbox,0.04825737265415549
w2vbert,ttsonly,tiebreak_distance,indextts,indextts,0.8310991957104558
w2vbert,ttsonly,inverse_distance,f5tts,f5tts,0.9410187667560321
w2vbert,ttsonly,inverse_distance,f5tts,xtts,0.01876675603217158
w2vbert,ttsonly,inverse_distance,f5tts,cosyvoice3,0.0
w2vbert,ttsonly,inverse_distance,f5tts,chatterbox,0.013404825737265416
w2vbert,ttsonly,inverse_distance,f5tts,indextts,0.02680965147453083
w2vbert,ttsonly,inverse_distance,xtts,f5tts,0.01876675603217158
w2vbert,ttsonly,inverse_distance,xtts,xtts,0.9544235924932976
w2vbert,ttsonly,inverse_distance,xtts,cosyvoice3,0.0
w2vbert,ttsonly,inverse_distance,xtts,chatterbox,0.005361930294906166
w2vbert,ttsonly,inverse_distance,xtts,indextts,0.021447721179624665
w2vbert,ttsonly,inverse_distance,cosyvoice3,f5tts,0.11796246648793565
w2vbert,ttsonly,inverse_distance,cosyvoice3,xtts,0.005361930294906166
w2vbert,ttsonly,inverse_distance,cosyvoice3,cosyvoice3,0.5951742627345844
w2vbert,ttsonly,inverse_distance,cosyvoice3,chatterbox,0.24932975871313673
w2vbert,ttsonly,inverse_distance,cosyvoice3,indextts,0.032171581769437
w2vbert,ttsonly,inverse_distance,chatterbox,f5tts,0.08847184986595175
w2vbert,ttsonly,inverse_distance,chatterbox,xtts,0.005361930294906166
w2vbert,ttsonly,inverse_distance,chatterbox,cosyvoice3,0.06166219839142091
w2vbert,ttsonly,inverse_distance,chatterbox,chatterbox,0.8150134048257373
w2vbert,ttsonly,inverse_distance,chatterbox,indextts,0.029490616621983913
w2vbert,ttsonly,inverse_distance,indextts,f5tts,0.05630026809651475
w2vbert,ttsonly,inverse_distance,indextts,xtts,0.04825737265415549
w2vbert,ttsonly,inverse_distance,indextts,cosyvoice3,0.0160857908847185
w2vbert,ttsonly,inverse_distance,indextts,chatterbox,0.04825737265415549
w2vbert,ttsonly,inverse_distance,indextts,indextts,0.8310991957104558
