ssl,setting,method,class,recall,recall_change_vs_uniform
wavlm,6way,uniform,real,0.3672922252010724,0.0
wavlm,6way,uniform,f5tts,0.9571045576407506,0.0
wavlm,6way,uniform,xtts,0.9115281501340483,0.0
wavlm,6way,uniform,cosyvoice3,0.6353887399463807,0.0
wavlm,6way,uniform,chatterbox,0.7855227882037533,0.0
wavlm,6way,uniform,indextts,0.6648793565683646,0.0
wavlm,6way,tiebreak_distance,real,0.44235924932975873,0.07506702412868632
wavlm,6way,tiebreak_distance,f5tts,0.9597855227882037,0.002680965147453085
wavlm,6way,tiebreak_distance,xtts,0.9276139410187667,0.0160857908847184
wavlm,6way,tiebreak_distance,cosyvoice3,0.6541554959785523,0.018766756032171594
wavlm,6way,tiebreak_distance,chatterbox,0.739946380697051,-0.04557640750670233
wavlm,6way,tiebreak_distance,indextts,0.7184986595174263,0.0536193029490617
wavlm,6way,inverse_distance,real,0.43967828418230565,0.07238605898123324
wavlm,6way,inverse_distance,f5tts,0.9597855227882037,0.002680965147453085
wavlm,6way,inverse_distance,xtts,0.9276139410187667,0.0160857908847184
wavlm,6way,inverse_distance,cosyvoice3,0.6541554959785523,0.018766756032171594
wavlm,6way,inverse_distance,chatterbox,0.739946380697051,-0.04557640750670233
wavlm,6way,inverse_distance,indextts,0.7158176943699732,0.05093833780160861
wavlm,ttsonly,uniform,f5tts,0.9490616621983914,0.0
wavlm,ttsonly,uniform,xtts,0.9249329758713136,0.0
wavlm,ttsonly,uniform,cosyvoice3,0.6085790884718498,0.0
wavlm,ttsonly,uniform,chatterbox,0.806970509383378,0.0
wavlm,ttsonly,uniform,indextts,0.7131367292225201,0.0
wavlm,ttsonly,tiebreak_distance,f5tts,0.9490616621983914,0.0
wavlm,ttsonly,tiebreak_distance,xtts,0.935656836461126,0.01072386058981234
wavlm,ttsonly,tiebreak_distance,cosyvoice3,0.6300268096514745,0.02144772117962468
wavlm,ttsonly,tiebreak_distance,chatterbox,0.7721179624664879,-0.034852546916890104
wavlm,ttsonly,tiebreak_distance,indextts,0.7882037533512064,0.07506702412868627
wavlm,ttsonly,inverse_distance,f5tts,0.9490616621983914,0.0
wavlm,ttsonly,inverse_distance,xtts,0.935656836461126,0.01072386058981234
wavlm,ttsonly,inverse_distance,cosyvoice3,0.6353887399463807,0.02680965147453085
wavlm,ttsonly,inverse_distance,chatterbox,0.7721179624664879,-0.034852546916890104
wavlm,ttsonly,inverse_distance,indextts,0.7882037533512064,0.07506702412868627
hubert,6way,uniform,real,0.4316353887399464,0.0
hubert,6way,uniform,f5tts,0.9329758713136729,0.0
hubert,6way,uniform,xtts,0.8954423592493298,0.0
hubert,6way,uniform,cosyvoice3,0.6112600536193029,0.0
hubert,6way,uniform,chatterbox,0.8176943699731903,0.0
hubert,6way,uniform,indextts,0.450402144772118,0.0
hubert,6way,tiebreak_distance,real,0.4932975871313673,0.0616621983914209
hubert,6way,tiebreak_distance,f5tts,0.935656836461126,0.002680965147453085
hubert,6way,tiebreak_distance,xtts,0.9195710455764075,0.024128686327077653
hubert,6way,tiebreak_distance,cosyvoice3,0.6380697050938338,0.02680965147453085
hubert,6way,tiebreak_distance,chatterbox,0.7828418230563002,-0.034852546916890104
hubert,6way,tiebreak_distance,indextts,0.5308310991957105,0.08042895442359249
hubert,6way,inverse_distance,real,0.4932975871313673,0.0616621983914209
hubert,6way,inverse_distance,f5tts,0.935656836461126,0.002680965147453085
hubert,6way,inverse_distance,xtts,0.9195710455764075,0.024128686327077653
hubert,6way,inverse_distance,cosyvoice3,0.6380697050938338,0.02680965147453085
hubert,6way,inverse_distance,chatterbox,0.7801608579088471,-0.03753351206434319
hubert,6way,inverse_distance,indextts,0.5308310991957105,0.08042895442359249
hubert,ttsonly,uniform,f5tts,0.8793565683646113,0.0
hubert,ttsonly,uniform,xtts,0.9463806970509383,0.0
hubert,ttsonly,uniform,cosyvoice3,0.5093833780160858,0.0
hubert,ttsonly,uniform,chatterbox,0.7935656836461126,0.0
hubert,ttsonly,uniform,indextts,0.5683646112600537,0.0
hubert,ttsonly,tiebreak_distance,f5tts,0.8927613941018767,0.013404825737265424
hubert,ttsonly,tiebreak_distance,xtts,0.9597855227882037,0.013404825737265424
hubert,ttsonly,tiebreak_distance,cosyvoice3,0.5683646112600537,0.05898123324396787
hubert,ttsonly,tiebreak_distance,chatterbox,0.7560321715817694,-0.03753351206434319
hubert,ttsonly,tiebreak_distance,indextts,0.6809651474530831,0.11260053619302945
hubert,ttsonly,inverse_distance,f5tts,0.8954423592493298,0.01608579088471851
hubert,ttsonly,inverse_distance,xtts,0.9597855227882037,0.013404825737265424
hubert,ttsonly,inverse_distance,cosyvoice3,0.5683646112600537,0.05898123324396787
hubert,ttsonly,inverse_distance,chatterbox,0.7560321715817694,-0.03753351206434319
hubert,ttsonly,inverse_distance,indextts,0.6809651474530831,0.11260053619302945
xlsr,6way,uniform,real,0.39946380697050937,0.0
xlsr,6way,uniform,f5tts,0.9410187667560321,0.0
xlsr,6way,uniform,xtts,0.9544235924932976,0.0
xlsr,6way,uniform,cosyvoice3,0.5442359249329759,0.0
xlsr,6way,uniform,chatterbox,0.8498659517426274,0.0
xlsr,6way,uniform,indextts,0.7024128686327078,0.0
xlsr,6way,tiebreak_distance,real,0.45576407506702415,0.05630026809651478
xlsr,6way,tiebreak_distance,f5tts,0.9544235924932976,0.013404825737265424
xlsr,6way,tiebreak_distance,xtts,0.9705093833780161,0.01608579088471851
xlsr,6way,tiebreak_distance,cosyvoice3,0.5924932975871313,0.04825737265415542
xlsr,6way,tiebreak_distance,chatterbox,0.8096514745308311,-0.04021447721179627
xlsr,6way,tiebreak_distance,indextts,0.7587131367292225,0.05630026809651467
xlsr,6way,inverse_distance,real,0.45308310991957107,0.0536193029490617
xlsr,6way,inverse_distance,f5tts,0.9544235924932976,0.013404825737265424
xlsr,6way,inverse_distance,xtts,0.9705093833780161,0.01608579088471851
xlsr,6way,inverse_distance,cosyvoice3,0.5924932975871313,0.04825737265415542
xlsr,6way,inverse_distance,chatterbox,0.8123324396782842,-0.03753351206434319
xlsr,6way,inverse_distance,indextts,0.7613941018766756,0.05898123324396776
xlsr,ttsonly,uniform,f5tts,0.935656836461126,0.0
xlsr,ttsonly,uniform,xtts,0.9490616621983914,0.0
xlsr,ttsonly,uniform,cosyvoice3,0.5388739946380697,0.0
xlsr,ttsonly,uniform,chatterbox,0.839142091152815,0.0
xlsr,ttsonly,uniform,indextts,0.67828418230563,0.0
xlsr,ttsonly,tiebreak_distance,f5tts,0.9463806970509383,0.01072386058981234
xlsr,ttsonly,tiebreak_distance,xtts,0.967828418230563,0.018766756032171594
xlsr,ttsonly,tiebreak_distance,cosyvoice3,0.5844504021447721,0.04557640750670233
xlsr,ttsonly,tiebreak_distance,chatterbox,0.7935656836461126,-0.04557640750670244
xlsr,ttsonly,tiebreak_distance,indextts,0.7640750670241286,0.0857908847184986
xlsr,ttsonly,inverse_distance,f5tts,0.9463806970509383,0.01072386058981234
xlsr,ttsonly,inverse_distance,xtts,0.967828418230563,0.018766756032171594
xlsr,ttsonly,inverse_distance,cosyvoice3,0.5844504021447721,0.04557640750670233
xlsr,ttsonly,inverse_distance,chatterbox,0.7962466487935657,-0.04289544235924936
xlsr,ttsonly,inverse_distance,indextts,0.7640750670241286,0.0857908847184986
w2v2lv60,6way,uniform,real,0.5254691689008043,0.0
w2v2lv60,6way,uniform,f5tts,0.9115281501340483,0.0
w2v2lv60,6way,uniform,xtts,0.7560321715817694,0.0
w2v2lv60,6way,uniform,cosyvoice3,0.6166219839142091,0.0
w2v2lv60,6way,uniform,chatterbox,0.7506702412868632,0.0
w2v2lv60,6way,uniform,indextts,0.5281501340482574,0.0
w2v2lv60,6way,tiebreak_distance,real,0.579088471849866,0.0536193029490617
w2v2lv60,6way,tiebreak_distance,f5tts,0.9195710455764075,0.008042895442359144
w2v2lv60,6way,tiebreak_distance,xtts,0.8123324396782842,0.05630026809651478
w2v2lv60,6way,tiebreak_distance,cosyvoice3,0.6407506702412868,0.024128686327077764
w2v2lv60,6way,tiebreak_distance,chatterbox,0.67828418230563,-0.07238605898123318
w2v2lv60,6way,tiebreak_distance,indextts,0.5576407506702413,0.029490616621983934
w2v2lv60,6way,inverse_distance,real,0.579088471849866,0.0536193029490617
w2v2lv60,6way,inverse_distance,f5tts,0.9195710455764075,0.008042895442359144
w2v2lv60,6way,inverse_distance,xtts,0.8123324396782842,0.05630026809651478
w2v2lv60,6way,inverse_distance,cosyvoice3,0.6407506702412868,0.024128686327077764
w2v2lv60,6way,inverse_distance,chatterbox,0.67828418230563,-0.07238605898123318
w2v2lv60,6way,inverse_distance,indextts,0.5576407506702413,0.029490616621983934
w2v2lv60,ttsonly,uniform,f5tts,0.8579088471849866,0.0
w2v2lv60,ttsonly,uniform,xtts,0.8579088471849866,0.0
w2v2lv60,ttsonly,uniform,cosyvoice3,0.5227882037533512,0.0
w2v2lv60,ttsonly,uniform,chatterbox,0.7989276139410187,0.0
w2v2lv60,ttsonly,uniform,indextts,0.6541554959785523,0.0
w2v2lv60,ttsonly,tiebreak_distance,f5tts,0.8739946380697051,0.01608579088471851
w2v2lv60,ttsonly,tiebreak_distance,xtts,0.8954423592493298,0.03753351206434319
w2v2lv60,ttsonly,tiebreak_distance,cosyvoice3,0.5630026809651475,0.04021447721179627
w2v2lv60,ttsonly,tiebreak_distance,chatterbox,0.7292225201072386,-0.0697050938337801
w2v2lv60,ttsonly,tiebreak_distance,indextts,0.7587131367292225,0.1045576407506702
w2v2lv60,ttsonly,inverse_distance,f5tts,0.8739946380697051,0.01608579088471851
w2v2lv60,ttsonly,inverse_distance,xtts,0.8954423592493298,0.03753351206434319
w2v2lv60,ttsonly,inverse_distance,cosyvoice3,0.5630026809651475,0.04021447721179627
w2v2lv60,ttsonly,inverse_distance,chatterbox,0.7292225201072386,-0.0697050938337801
w2v2lv60,ttsonly,inverse_distance,indextts,0.7587131367292225,0.1045576407506702
w2vbert,6way,uniform,real,0.6407506702412868,0.0
w2vbert,6way,uniform,f5tts,0.9436997319034852,0.0
w2vbert,6way,uniform,xtts,0.9812332439678284,0.0
w2vbert,6way,uniform,cosyvoice3,0.5415549597855228,0.0
w2vbert,6way,uniform,chatterbox,0.8203753351206434,0.0
w2vbert,6way,uniform,indextts,0.774798927613941,0.0
w2vbert,6way,tiebreak_distance,real,0.6970509383378016,0.05630026809651478
w2vbert,6way,tiebreak_distance,f5tts,0.9571045576407506,0.013404825737265424
w2vbert,6way,tiebreak_distance,xtts,0.9892761394101877,0.008042895442359255
w2vbert,6way,tiebreak_distance,cosyvoice3,0.5442359249329759,0.002680965147453085
w2vbert,6way,tiebreak_distance,chatterbox,0.7935656836461126,-0.02680965147453085
w2vbert,6way,tiebreak_distance,indextts,0.7962466487935657,0.02144772117962468
w2vbert,6way,inverse_distance,real,0.6970509383378016,0.05630026809651478
w2vbert,6way,inverse_distance,f5tts,0.9597855227882037,0.01608579088471851
w2vbert,6way,inverse_distance,xtts,0.9892761394101877,0.008042895442359255
w2vbert,6way,inverse_distance,cosyvoice3,0.546916890080429,0.00536193029490617
w2vbert,6way,inverse_distance,chatterbox,0.7935656836461126,-0.02680965147453085
w2vbert,6way,inverse_distance,indextts,0.7962466487935657,0.02144772117962468
w2vbert,ttsonly,uniform,f5tts,0.938337801608579,0.0
w2vbert,ttsonly,uniform,xtts,0.938337801608579,0.0
w2vbert,ttsonly,uniform,cosyvoice3,0.579088471849866,0.0
w2vbert,ttsonly,uniform,chatterbox,0.8337801608579088,0.0
w2vbert,ttsonly,uniform,indextts,0.8150134048257373,0.0
w2vbert,ttsonly,tiebreak_distance,f5tts,0.9410187667560321,0.002680965147453085
w2vbert,ttsonly,tiebreak_distance,xtts,0.9544235924932976,0.01608579088471851
w2vbert,ttsonly,tiebreak_distance,cosyvoice3,0.5951742627345844,0.0160857908847184
w2vbert,ttsonly,tiebreak_distance,chatterbox,0.8150134048257373,-0.018766756032171594
w2vbert,ttsonly,tiebreak_distance,indextts,0.8310991957104558,0.01608579088471851
w2vbert,ttsonly,inverse_distance,f5tts,0.9410187667560321,0.002680965147453085
w2vbert,ttsonly,inverse_distance,xtts,0.9544235924932976,0.01608579088471851
w2vbert,ttsonly,inverse_distance,cosyvoice3,0.5951742627345844,0.0160857908847184
w2vbert,ttsonly,inverse_distance,chatterbox,0.8150134048257373,-0.018766756032171594
w2vbert,ttsonly,inverse_distance,indextts,0.8310991957104558,0.01608579088471851
