ssl,layer,protocol,k,weighting,macro_f1,same_utt_frac_topk,tie_rate
wavlm,17,loo,1,uniform,0.08761166850378807,0.9367292225201073,0.0
wavlm,17,loo,1,distance,0.08761166850378807,0.9367292225201073,0.0
wavlm,17,loo,3,uniform,0.1256645848945912,0.8879356568364611,0.9088471849865952
wavlm,17,loo,3,distance,0.11178618177733009,0.8879356568364611,0.0
wavlm,17,loo,5,uniform,0.4206819619134806,0.6345308310991957,0.38766756032171584
wavlm,17,loo,5,distance,0.22256436466289764,0.6345308310991957,0.0
wavlm,17,loo,7,uniform,0.6061679090249745,0.46533895059364216,0.3742627345844504
wavlm,17,loo,7,distance,0.3983466738502265,0.46533895059364216,0.0
wavlm,17,loo,11,uniform,0.7164867622146653,0.30397270290031686,0.18927613941018767
wavlm,17,loo,11,distance,0.5143530075140282,0.30397270290031686,0.0
wavlm,17,leave_utt,1,uniform,0.8139234844963663,0.0,0.0
wavlm,17,leave_utt,1,distance,0.8139234844963663,0.0,0.0
wavlm,17,leave_utt,3,uniform,0.7991291774812908,0.0,0.16675603217158178
wavlm,17,leave_utt,3,distance,0.8232816661385233,0.0,0.0
wavlm,17,leave_utt,5,uniform,0.82641114777287,0.0,0.142627345844504
wavlm,17,leave_utt,5,distance,0.8418929705091143,0.0,0.0
wavlm,17,leave_utt,7,uniform,0.8435445827246999,0.0,0.11152815013404825
wavlm,17,leave_utt,7,distance,0.8493707462115945,0.0,0.0
wavlm,17,leave_utt,11,uniform,0.8434938951963724,0.0,0.08900804289544235
wavlm,17,leave_utt,11,distance,0.8528872163842275,0.0,0.0
wavlm,17,leave_spk,1,uniform,0.6913355592600982,0.0,0.0
wavlm,17,leave_spk,1,distance,0.6913355592600982,0.0,0.0
wavlm,17,leave_spk,3,uniform,0.7324400657905861,0.0,0.17158176943699732
wavlm,17,leave_spk,3,distance,0.716317821658256,0.0,0.0
wavlm,17,leave_spk,5,uniform,0.7431022562400462,0.0,0.15924932975871314
wavlm,17,leave_spk,5,distance,0.7455332563265241,0.0,0.0
wavlm,17,leave_spk,7,uniform,0.7642390748783846,0.0,0.1067024128686327
wavlm,17,leave_spk,7,distance,0.762338071119269,0.0,0.0
wavlm,17,leave_spk,11,uniform,0.785537697642042,0.0,0.08793565683646112
wavlm,17,leave_spk,11,distance,0.781690610730967,0.0,0.0
wavlm,19,loo,1,uniform,0.028948540825466502,0.9812332439678284,0.0
wavlm,19,loo,1,distance,0.028948540825466502,0.9812332439678284,0.0
wavlm,19,loo,3,uniform,0.05922808059734245,0.953172475424486,0.960857908847185
wavlm,19,loo,3,distance,0.04997525223998235,0.953172475424486,0.0
wavlm,19,loo,5,uniform,0.2461851154589833,0.7124932975871313,0.5399463806970509
wavlm,19,loo,5,distance,0.11515812313518303,0.7124932975871313,0.0
wavlm,19,loo,7,uniform,0.4796537718045421,0.5178092684795097,0.5168900804289545
wavlm,19,loo,7,distance,0.2616605742039498,0.5178092684795097,0.0
wavlm,19,loo,11,uniform,0.6368599035062188,0.33453570558128204,0.23699731903485255
wavlm,19,loo,11,distance,0.36399573175532335,0.33453570558128204,0.0
wavlm,19,leave_utt,1,uniform,0.7588517933759116,0.0,0.0
wavlm,19,leave_utt,1,distance,0.7588517933759116,0.0,0.0
wavlm,19,leave_utt,3,uniform,0.7411545593952071,0.0,0.24986595174262735
wavlm,19,leave_utt,3,distance,0.7811624297251148,0.0,0.0
wavlm,19,leave_utt,5,uniform,0.7810835461319994,0.0,0.2032171581769437
wavlm,19,leave_utt,5,distance,0.8118256889069005,0.0,0.0
wavlm,19,leave_utt,7,uniform,0.7880531512064246,0.0,0.15656836461126006
wavlm,19,leave_utt,7,distance,0.8197708269727425,0.0,0.0
wavlm,19,leave_utt,11,uniform,0.8083167704632148,0.0,0.12922252010723861
wavlm,19,leave_utt,11,distance,0.8261591077457169,0.0,0.0
wavlm,19,leave_spk,1,uniform,0.6257764220182989,0.0,0.0
wavlm,19,leave_spk,1,distance,0.6257764220182989,0.0,0.0
wavlm,19,leave_spk,3,uniform,0.6617816978932931,0.0,0.271313672922252
wavlm,19,leave_spk,3,distance,0.6639787881327514,0.0,0.0
wavlm,19,leave_spk,5,uniform,0.7142281977619969,0.0,0.21715817694369974
wavlm,19,leave_spk,5,distance,0.7185241094181418,0.0,0.0
wavlm,19,leave_spk,7,uniform,0.7271643044094944,0.0,0.1512064343163539
wavlm,19,leave_spk,7,distance,0.7284678873337456,0.0,0.0
wavlm,19,leave_spk,11,uniform,0.7367582412249489,0.0,0.1126005361930295
wavlm,19,leave_spk,11,distance,0.7407905295901023,0.0,0.0
wavlm,21,loo,1,uniform,0.05846975449295251,0.960857908847185,0.0
wavlm,21,loo,1,distance,0.05846975449295251,0.960857908847185,0.0
wavlm,21,loo,3,uniform,0.08401456451209788,0.9326184092940125,0.9479892761394102
wavlm,21,loo,3,distance,0.07453778950974405,0.9326184092940125,0.0
wavlm,21,loo,5,uniform,0.36952313937852116,0.6890080428954424,0.5040214477211796
wavlm,21,loo,5,distance,0.16567934543982737,0.6890080428954424,0.0
wavlm,21,loo,7,uniform,0.6066942488607592,0.5049406357717349,0.42091152815013405
wavlm,21,loo,7,distance,0.37039579717458504,0.5049406357717349,0.0
wavlm,21,loo,11,uniform,0.7221653083079941,0.3294662442115526,0.21018766756032173
wavlm,21,loo,11,distance,0.484128195718888,0.3294662442115526,0.0
wavlm,21,leave_utt,1,uniform,0.8441858416019057,0.0,0.0
wavlm,21,leave_utt,1,distance,0.8441858416019057,0.0,0.0
wavlm,21,leave_utt,3,uniform,0.8371023905919612,0.0,0.14959785522788205
wavlm,21,leave_utt,3,distance,0.8662896940763416,0.0,0.0
wavlm,21,leave_utt,5,uniform,0.845857552851502,0.0,0.14745308310991956
wavlm,21,leave_utt,5,distance,0.8806588208716285,0.0,0.0
wavlm,21,leave_utt,7,uniform,0.862444196449383,0.0,0.11045576407506702
wavlm,21,leave_utt,7,distance,0.8891162326643489,0.0,0.0
wavlm,21,leave_utt,11,uniform,0.8712036945945852,0.0,0.09812332439678284
wavlm,21,leave_utt,11,distance,0.8928139433385806,0.0,0.0
wavlm,21,leave_spk,1,uniform,0.6428833591149793,0.0,0.0
wavlm,21,leave_spk,1,distance,0.6428833591149793,0.0,0.0
wavlm,21,leave_spk,3,uniform,0.6899357545151361,0.0,0.20482573726541556
wavlm,21,leave_spk,3,distance,0.6855377456028027,0.0,0.0
wavlm,21,leave_spk,5,uniform,0.7327933692854027,0.0,0.17747989276139411
wavlm,21,leave_spk,5,distance,0.7474047402198629,0.0,0.0
wavlm,21,leave_spk,7,uniform,0.7538159787405172,0.0,0.12332439678284182
wavlm,21,leave_spk,7,distance,0.7578972483386774,0.0,0.0
wavlm,21,leave_spk,11,uniform,0.7653037870319275,0.0,0.10187667560321716
wavlm,21,leave_spk,11,distance,0.7742251482192236,0.0,0.0
hubert,17,loo,1,uniform,0.05629578116899462,0.9576407506702412,0.0
hubert,17,loo,1,distance,0.05629578116899462,0.9576407506702412,0.0
hubert,17,loo,3,uniform,0.08837829412210078,0.925290437890974,0.9319034852546917
hubert,17,loo,3,distance,0.07365748211982683,0.925290437890974,0.0
hubert,17,loo,5,uniform,0.29144924495329727,0.6815013404825737,0.4691689008042895
hubert,17,loo,5,distance,0.14932605707876123,0.6815013404825737,0.0
hubert,17,loo,7,uniform,0.4824874436391296,0.49513596323247794,0.46863270777479893
hubert,17,loo,7,distance,0.2757678331207473,0.49513596323247794,0.0
hubert,17,loo,11,uniform,0.6144596301793718,0.3197660248598586,0.2193029490616622
hubert,17,loo,11,distance,0.38696359836533734,0.3197660248598586,0.0
hubert,17,leave_utt,1,uniform,0.7196984704767564,0.0,0.0
hubert,17,leave_utt,1,distance,0.7196984704767564,0.0,0.0
hubert,17,leave_utt,3,uniform,0.7284832433020876,0.0,0.23109919571045576
hubert,17,leave_utt,3,distance,0.7504647915871955,0.0,0.0
hubert,17,leave_utt,5,uniform,0.7433051528839835,0.0,0.18230563002680966
hubert,17,leave_utt,5,distance,0.7699815439985053,0.0,0.0
hubert,17,leave_utt,7,uniform,0.7626479108519396,0.0,0.14048257372654155
hubert,17,leave_utt,7,distance,0.7793746194584192,0.0,0.0
hubert,17,leave_utt,11,uniform,0.7783033214484417,0.0,0.12171581769436997
hubert,17,leave_utt,11,distance,0.7926109038657205,0.0,0.0
hubert,17,leave_spk,1,uniform,0.6386974598107011,0.0,0.0
hubert,17,leave_spk,1,distance,0.6386974598107011,0.0,0.0
hubert,17,leave_spk,3,uniform,0.6711129871751111,0.0,0.23324396782841822
hubert,17,leave_spk,3,distance,0.6769226426928966,0.0,0.0
hubert,17,leave_spk,5,uniform,0.6822195505729106,0.0,0.19731903485254693
hubert,17,leave_spk,5,distance,0.7052706322893093,0.0,0.0
hubert,17,leave_spk,7,uniform,0.7060508357884395,0.0,0.16085790884718498
hubert,17,leave_spk,7,distance,0.7257051745897993,0.0,0.0
hubert,17,leave_spk,11,uniform,0.7246857515887293,0.0,0.12922252010723861
hubert,17,leave_spk,11,distance,0.7452719807421477,0.0,0.0
hubert,19,loo,1,uniform,0.01614982870363071,0.9882037533512065,0.0
hubert,19,loo,1,distance,0.01614982870363071,0.9882037533512065,0.0
hubert,19,loo,3,uniform,0.03393477691160112,0.9762287756925826,0.9769436997319035
hubert,19,loo,3,distance,0.026942607216360694,0.9762287756925826,0.0
hubert,19,loo,5,uniform,0.13737781978836164,0.7532439678284183,0.5839142091152815
hubert,19,loo,5,distance,0.05819870109991403,0.7532439678284183,0.0
hubert,19,loo,7,uniform,0.3594411727999415,0.542474147836078,0.613941018766756
hubert,19,loo,7,distance,0.16611486125393174,0.542474147836078,0.0
hubert,19,loo,11,uniform,0.5361355629306691,0.3482330002437241,0.3136729222520107
hubert,19,loo,11,distance,0.2563146913693961,0.3482330002437241,0.0
hubert,19,leave_utt,1,uniform,0.6783075336971834,0.0,0.0
hubert,19,leave_utt,1,distance,0.6783075336971834,0.0,0.0
hubert,19,leave_utt,3,uniform,0.651542739088315,0.0,0.33136729222520106
hubert,19,leave_utt,3,distance,0.7065190812896034,0.0,0.0
hubert,19,leave_utt,5,uniform,0.6769372166300672,0.0,0.23056300268096513
hubert,19,leave_utt,5,distance,0.7212003306381776,0.0,0.0
hubert,19,leave_utt,7,uniform,0.7222468082845459,0.0,0.21018766756032173
hubert,19,leave_utt,7,distance,0.7547915241352563,0.0,0.0
hubert,19,leave_utt,11,uniform,0.7351866824656611,0.0,0.1672922252010724
hubert,19,leave_utt,11,distance,0.7653350925634933,0.0,0.0
hubert,19,leave_spk,1,uniform,0.59370220464091,0.0,0.0
hubert,19,leave_spk,1,distance,0.59370220464091,0.0,0.0
hubert,19,leave_spk,3,uniform,0.6036278954014846,0.0,0.3281501340482574
hubert,19,leave_spk,3,distance,0.634554100106083,0.0,0.0
hubert,19,leave_spk,5,uniform,0.6452567779466454,0.0,0.225201072386059
hubert,19,leave_spk,5,distance,0.6629459950377825,0.0,0.0
hubert,19,leave_spk,7,uniform,0.6561835477357973,0.0,0.20160857908847185
hubert,19,leave_spk,7,distance,0.6859043405018951,0.0,0.0
hubert,19,leave_spk,11,uniform,0.6838091389544635,0.0,0.15227882037533513
hubert,19,leave_spk,11,distance,0.7059973674324663,0.0,0.0
hubert,21,loo,1,uniform,0.02390697427220528,0.9844504021447721,0.0
hubert,21,loo,1,distance,0.02390697427220528,0.9844504021447721,0.0
hubert,21,loo,3,uniform,0.03377811054958685,0.9749776586237712,0.9774798927613941
hubert,21,loo,3,distance,0.032046412254664286,0.9749776586237712,0.0
hubert,21,loo,5,uniform,0.1677320380528365,0.7535656836461126,0.6348525469168901
hubert,21,loo,5,distance,0.06973618895980763,0.7535656836461126,0.0
hubert,21,loo,7,uniform,0.4328537617090241,0.5431635388739945,0.5630026809651475
hubert,21,loo,7,distance,0.21554670367222903,0.5431635388739945,0.0
hubert,21,loo,11,uniform,0.5947205874918533,0.3486229588106263,0.25093833780160857
hubert,21,loo,11,distance,0.32216910750605143,0.3486229588106263,0.0
hubert,21,leave_utt,1,uniform,0.7468609044887605,0.0,0.0
hubert,21,leave_utt,1,distance,0.7468609044887605,0.0,0.0
hubert,21,leave_utt,3,uniform,0.7187454711273117,0.0,0.2686327077747989
hubert,21,leave_utt,3,distance,0.7610042450089001,0.0,0.0
hubert,21,leave_utt,5,uniform,0.743426424227796,0.0,0.19249329758713138
hubert,21,leave_utt,5,distance,0.7831199160325856,0.0,0.0
hubert,21,leave_utt,7,uniform,0.7549189776895007,0.0,0.16300268096514745
hubert,21,leave_utt,7,distance,0.7927077777067739,0.0,0.0
hubert,21,leave_utt,11,uniform,0.7801000873307055,0.0,0.12922252010723861
hubert,21,leave_utt,11,distance,0.8046948953378721,0.0,0.0
hubert,21,leave_spk,1,uniform,0.6331761731687486,0.0,0.0
hubert,21,leave_spk,1,distance,0.6331761731687486,0.0,0.0
hubert,21,leave_spk,3,uniform,0.6488601128237172,0.0,0.2638069705093834
hubert,21,leave_spk,3,distance,0.6602266695919834,0.0,0.0
hubert,21,leave_spk,5,uniform,0.6768133278633777,0.0,0.19785522788203752
hubert,21,leave_spk,5,distance,0.7035250840979861,0.0,0.0
hubert,21,leave_spk,7,uniform,0.6955401396466513,0.0,0.15924932975871314
hubert,21,leave_spk,7,distance,0.7102641672251547,0.0,0.0
hubert,21,leave_spk,11,uniform,0.7215575831680331,0.0,0.13029490616621983
hubert,21,leave_spk,11,distance,0.7385028928759052,0.0,0.0
